SMILES,logPapp,n_measurements,label_mean,label_median,label_std,label_min,label_max,label_range
C#CC#CC/C=C\CCCCC/C=C/C(=O)NCC(C)CC,-4.4299998,1,-4.4299998,-4.4299998,,-4.4299998,-4.4299998,0.0
C#CC#CC/C=C\CCCCCC(C)=O,-4.492425,1,-4.492425,-4.492425,,-4.492425,-4.492425,0.0
C#CC#CCCCC/C=C/C(=O)NCC(C)C,-3.80499995,2,-3.80499995,-3.80499995,0.07778167521984214,-3.8599999,-3.75,0.10999990000000004
C#C[C@@]1(O)CC[C@@H]2[C@H]3CCC4=Cc5oncc5C[C@@]4(C)[C@@H]3CC[C@]21C,-4.561461,1,-4.561461,-4.561461,,-4.561461,-4.561461,0.0
C#C[C@]1(O)CC[C@H]2[C@@H]3CCC4=Cc5oncc5C[C@]4(C)[C@H]3CC[C@@]21C,-4.8400002,1,-4.8400002,-4.8400002,,-4.8400002,-4.8400002,0.0
C#Cc1cccc(Nc2ncnc3cc(OCCOC)c(OCCOC)cc23)c1,-4.4699998,1,-4.4699998,-4.4699998,,-4.4699998,-4.4699998,0.0
C.CC(C)n1c(N)nc2ccc(/C(=C/C(N)=O)c3cccc(F)c3F)cc21,-5.3000002,1,-5.3000002,-5.3000002,,-5.3000002,-5.3000002,0.0
C/C=C(/C)C(=O)O[C@@H]([C@@H](O)c1cc2ccc(=O)oc2cc1OC)C(C)(C)O,-4.8499289,1,-4.8499289,-4.8499289,,-4.8499289,-4.8499289,0.0
C/C=C(/C)C(=O)O[C@H](c1cc2ccc(=O)oc2cc1OC)[C@H](O)C(C)(C)O,-4.8123703,1,-4.8123703,-4.8123703,,-4.8123703,-4.8123703,0.0
C/C=C(\C)C(=O)O[C@H]1[C@@H](OC(C)=O)c2c(ccc3ccc(=O)oc23)OC1(C)C,-4.5799999,1,-4.5799999,-4.5799999,,-4.5799999,-4.5799999,0.0
C/C=C/C#CCC/C=C\C=C\C(=O)NCC(C)C,-4.0,1,-4.0,-4.0,,-4.0,-4.0,0.0
C/C=C/C/C=C/CCC(=O)[C@@H]1O[C@@H]1C(N)=O,-5.4224062,1,-5.4224062,-5.4224062,,-5.4224062,-5.4224062,0.0
C/C=C/c1cc(OC)c2c(c1)C(C)C(c1cc(OC)c(O)c(OC)c1)O2,-5.3400002,1,-5.3400002,-5.3400002,,-5.3400002,-5.3400002,0.0
C/C=C\C#C/C=C/C(O)CCCCCC(C)=O,-4.3099017,1,-4.3099017,-4.3099017,,-4.3099017,-4.3099017,0.0
C/C=C\C#CC/C=C\CCCCCC(C)=O,-5.0,1,-5.0,-5.0,,-5.0,-5.0,0.0
C/C=C\C#CCC/C=C\C=C\C(=O)NCC(C)C,-3.8599999,1,-3.8599999,-3.8599999,,-3.8599999,-3.8599999,0.0
C/C=C\C=C/CC/C=C/C=C/C(=O)NCC(C)C,-4.2441254,1,-4.2441254,-4.2441254,,-4.2441254,-4.2441254,0.0
C/N=C(\NC#N)NCCSCc1[nH]cnc1C,-5.9000001,1,-5.9000001,-5.9000001,,-5.9000001,-5.9000001,0.0
C/N=C(\NC#N)NCCSCc1csc(N=C(N)N)n1,-5.7693943999999995,2,-5.7693943999999995,-5.7693943999999995,0.15642008101576987,-5.8800001,-5.6587887,0.2212114000000005
C=C(C)C(COc1c2occc2cc2ccc(=O)oc12)OC(C)(C)C(O)COc1c2occc2cc2ccc(=O)oc12,-4.48,1,-4.48,-4.48,,-4.48,-4.48,0.0
C=C(C)CNc1ccc(C(C)C(=O)O)cc1,-4.3400002,1,-4.3400002,-4.3400002,,-4.3400002,-4.3400002,0.0
C=C(c1ccccc1)C1OCC(N)CO1,-4.9913998,1,-4.9913998,-4.9913998,,-4.9913998,-4.9913998,0.0
C=C(c1ccccc1)C1OCC(NC(=O)Cc2ccccc2)CO1,-5.0498786,1,-5.0498786,-5.0498786,,-5.0498786,-5.0498786,0.0
C=C(c1ccccc1)[C@H]1OC[C@@H](N)[C@H](C)O1,-4.9880071,1,-4.9880071,-4.9880071,,-4.9880071,-4.9880071,0.0
C=C(c1ccccc1)[C@H]1OC[C@@H](NC(=O)Cc2ccccc2)[C@H](C)O1,-5.0503659,1,-5.0503659,-5.0503659,,-5.0503659,-5.0503659,0.0
C=C1C[C@@H]2[C@H](CC[C@]3(C)C(=O)CC[C@@H]23)[C@@]2(C)C=CC(=O)C=C12,-4.3299999,1,-4.3299999,-4.3299999,,-4.3299999,-4.3299999,0.0
C=C1C[C@]23CC[C@@H]4[C@](C)(C(=O)OC5O[C@@H](CO)[C@H](O)[C@@H](O)[C@@H]5O)CCC[C@@]4(C)C2CC(O[C@H]2O[C@@H](CO)[C@H](O)C(O[C@H]4O[C@@H](CO)[C@H](O)[C@@H](O)[C@@H]4O)[C@@H]2O[C@H]2O[C@@H](CO)[C@H](O)[C@@H](O)[C@@H]2O)[C@H]1C3,-6.9593034,1,-6.9593034,-6.9593034,,-6.9593034,-6.9593034,0.0
C=C1NC(N)=Nc2c1ncn2COCCOC(=O)CC[C@@H](N)C(=O)O,-5.8099999,1,-5.8099999,-5.8099999,,-5.8099999,-5.8099999,0.0
C=C1NC(N)=Nc2c1ncn2COCCOC(=O)[C@@H](C)N,-5.6900001,1,-5.6900001,-5.6900001,,-5.6900001,-5.6900001,0.0
C=C1NC(N)=Nc2c1ncn2COCCOC(=O)[C@H](N)C(C)C,-5.3499999,1,-5.3499999,-5.3499999,,-5.3499999,-5.3499999,0.0
C=C1NC(N)=Nc2c1ncn2COCCOC(=O)[C@H](N)CO,-5.3299999,1,-5.3299999,-5.3299999,,-5.3299999,-5.3299999,0.0
C=C1NC(N)=Nc2c1ncn2COCCOC(=O)[C@H](N)[C@H](C)CC,-5.6799998,1,-5.6799998,-5.6799998,,-5.6799998,-5.6799998,0.0
C=CC(N)=O,-4.5693183,1,-4.5693183,-4.5693183,,-4.5693183,-4.5693183,0.0
C=CC1=C(C)/C(=C\C2=N/C(=C\c3[nH]c(/C=C4/NC(=O)C(C)=C4C=C)c(C)c3CCC(=O)O)C(CCC(=O)O)=C2C)NC1=O,-5.6290045,1,-5.6290045,-5.6290045,,-5.6290045,-5.6290045,0.0
C=CC1=C(C)/C(=C\c2[nH]c(Cc3[nH]c(/C=C4/NC(=O)C(C)=C4C=C)c(C)c3CCC(=O)NCCS(=O)(=O)O)c(CCC(=O)NCCS(=O)(=O)O)c2C)NC1=O,-6.0594678,1,-6.0594678,-6.0594678,,-6.0594678,-6.0594678,0.0
C=CC1=C(C)/C(=C\c2[nH]c(Cc3[nH]c(/C=C4/NC(=O)C(C)=C4C=C)c(C)c3CCC(=O)O)c(CCC(=O)O)c2C)NC1=O,-6.1314831,1,-6.1314831,-6.1314831,,-6.1314831,-6.1314831,0.0
C=CCC(N)c1ccccc1-c1noc2ccccc12,-4.8699999,1,-4.8699999,-4.8699999,,-4.8699999,-4.8699999,0.0
C=CCN1CC[C@]23c4c5ccc(O)c4O[C@H]2C(=O)CC[C@@]3(O)[C@H]1C5,-4.6208858500000005,2,-4.6208858500000005,-4.6208858500000005,0.06945803845578266,-4.6700001,-4.5717716,0.09822850000000027
C=CCNC(=O)C(=O)C(CCC)NC(=O)C1C2C(CN1C(=O)C(NC(=O)NC(C(=O)C(C)C)C(C)C)C(C)(C)C)C2(C)C,-5.29,1,-5.29,-5.29,,-5.29,-5.29,0.0
C=CCNC(=O)C(=O)C(CCC)NC(=O)C1CC2CN1C(=O)C(C1CCCCC1)NC(=O)Cc1cccc(c1)OCCC(C)(C)O2,-5.0300002,1,-5.0300002,-5.0300002,,-5.0300002,-5.0300002,0.0
C=CCO[C@H](CCC(C)(C)O)[C@](C)(O)[C@H]1CC[C@@]2(O)C3=CC(=O)[C@@H]4C[C@@H](O)[C@@H](O)C[C@@]4(C)C3CC[C@]12C,-4.6900001,1,-4.6900001,-4.6900001,,-4.6900001,-4.6900001,0.0
C=CCOc1ccccc1OCC(CNC(C)C)OC(=O)C1CC1,-4.1920457,1,-4.1920457,-4.1920457,,-4.1920457,-4.1920457,0.0
C=CCOc1ccccc1OCC(O)CNC(C)C,-4.2475038,3,-4.315834533333333,-4.2475038,0.33526370343121464,-4.6799998,-4.02,0.6599998000000005
C=CCOc1ccccc1OC[C@@H](CNC(C)C)OC(=O)C1CC1,-4.5450001,1,-4.5450001,-4.5450001,,-4.5450001,-4.5450001,0.0
C=CC[C@@H]1/C=C(\C)C[C@H](C)C[C@H](OC)[C@H]2O[C@@](O)(C(=O)C(=O)N3CCCC[C@H]3C(=O)O[C@H](/C(C)=C/[C@@H]3CC[C@@H](O)[C@H](OC)C3)[C@H](C)[C@@H](O)CC1=O)[C@H](C)C[C@@H]2OC,-5.1500001,1,-5.1500001,-5.1500001,,-5.1500001,-5.1500001,0.0
C=CCc1cc(OC)c(OC(C)C(O)c2cc(O)cc(OC)c2)c(OC)c1,-4.6500001,1,-4.6500001,-4.6500001,,-4.6500001,-4.6500001,0.0
C=CCc1cc(OC)c(OC(C)C(O)c2cc(OC)c(OC)c(OC)c2)c(OC)c1,-4.5500002,1,-4.5500002,-4.5500002,,-4.5500002,-4.5500002,0.0
C=CCc1cc(OC)c(OC(C)C(O)c2ccc(O)c(OC)c2)c(OC)c1,-4.5100002,1,-4.5100002,-4.5100002,,-4.5100002,-4.5100002,0.0
C=CCc1cc(OC)c(OC(C)C(O)c2ccc(OC)c(OC)c2)c(OC)c1,-4.6199999,1,-4.6199999,-4.6199999,,-4.6199999,-4.6199999,0.0
C=CCc1cc(OC)c(OC(C)C(OC(C)=O)c2ccc(OC)c(OC)c2)c(OC)c1,-4.5900002,1,-4.5900002,-4.5900002,,-4.5900002,-4.5900002,0.0
C=CCc1cc(OC)c(OC(C)Cc2cc(OC)c(OC)c(OC)c2)c(OC)c1,-4.73,1,-4.73,-4.73,,-4.73,-4.73,0.0
C=CCc1ccccc1OCC(CNC(C)C)OC(=O)C1CC1,-4.1507826,1,-4.1507826,-4.1507826,,-4.1507826,-4.1507826,0.0
C=CCc1ccccc1OCC(O)CNC(C)C,-4.10392985,2,-4.10392985,-4.10392985,0.37657247403734245,-4.3702068,-3.8376529,0.5325538999999999
C=C[C@@H]1CN2CC[C@@H]1C[C@H]2[C@H](O)c1ccnc2ccc(OC)cc12,-4.5008955,1,-4.5008955,-4.5008955,,-4.5008955,-4.5008955,0.0
C=C[C@H]1CN2CC[C@H]1C[C@@H]2[C@@H](O)c1ccnc2ccc(OC)cc12,-4.6900001,1,-4.6900001,-4.6900001,,-4.6900001,-4.6900001,0.0
C=C[C@H]1C[N@@]2CC[C@H]1C[C@@H]2C(O)c1ccnc2ccc(OC)cc12,-4.6799998,1,-4.6799998,-4.6799998,,-4.6799998,-4.6799998,0.0
CC#CC#CCC/C=C\C=C\C(=O)NCC(C)CC,-3.9512346999999997,2,-3.9512346999999997,-3.9512346999999997,0.2421624350888885,-4.1224694,-3.78,0.34246940000000015
CC#CC#CCCCC/C=C/C(=O)NCC(C)CC,-4.22978685,2,-4.22978685,-4.22978685,0.00030143962081950455,-4.23,-4.2295737,0.0004262999999999906
CC#Cc1cn([C@@H]2O[C@H](CO)[C@@H](O)[C@@H]2O)c(=O)[nH]c1=O,-5.1687455,1,-5.1687455,-5.1687455,,-5.1687455,-5.1687455,0.0
CC(=O)C(NC(=O)CN)c1ccc(O)cc1,-5.2800002,1,-5.2800002,-5.2800002,,-5.2800002,-5.2800002,0.0
CC(=O)CC(c1ccccc1)c1c(O)c2ccccc2oc1=O,-4.52729535,2,-4.52729535,-4.52729535,0.14524645037013814,-4.6300001,-4.4245906,0.20540950000000002
CC(=O)CCCCn1c(=O)c2c(ncn2C)n(C)c1=O,-4.1799998,1,-4.1799998,-4.1799998,,-4.1799998,-4.1799998,0.0
CC(=O)N(C)[C@@H](Cc1ccccc1)C(=O)N(C)[C@H](Cc1ccccc1)C(=O)N(C)[C@@H](Cc1ccccc1)C(N)=O,-4.6937804,1,-4.6937804,-4.6937804,,-4.6937804,-4.6937804,0.0
CC(=O)N1CCN(c2ccc(OC[C@@H]3CO[C@@](Cn4ccnc4)(c4ccc(Cl)cc4Cl)O3)cc2)CC1,-4.7538648,1,-4.7538648,-4.7538648,,-4.7538648,-4.7538648,0.0
CC(=O)N1CCN(c2ccc(OC[C@H]3CO[C@](Cn4ccnc4)(c4ccc(Cl)cc4Cl)O3)cc2)CC1,-4.9299998,1,-4.9299998,-4.9299998,,-4.9299998,-4.9299998,0.0
CC(=O)NC(=O)[C@@H](N)Cc1c[nH]c2ccccc12,-5.6199999,1,-5.6199999,-5.6199999,,-5.6199999,-5.6199999,0.0
CC(=O)NC(C(=O)NC1C(=O)N2C(C(=O)O)=C(C)CSC12)c1ccccc1,-6.6300001,1,-6.6300001,-6.6300001,,-6.6300001,-6.6300001,0.0
CC(=O)NC(Cc1c[nH]c2ccccc12)C(=O)NC(C)C(=O)NCC(=O)NCC(=O)NC(CC(=O)O)C(=O)NC(C)C(N)=O,-7.4981046,1,-7.4981046,-7.4981046,,-7.4981046,-7.4981046,0.0
CC(=O)NC(O)CNc1ccc(C(C)=O)cc1,-5.2199998,1,-5.2199998,-5.2199998,,-5.2199998,-5.2199998,0.0
CC(=O)NCC(=O)NCCc1ccccc1,-4.6597776,1,-4.6597776,-4.6597776,,-4.6597776,-4.6597776,0.0
CC(=O)NCC(=O)N[C@@H](CC(N)=O)C(=O)N[C@@H](C)C(N)=O,-6.5900002,1,-6.5900002,-6.5900002,,-6.5900002,-6.5900002,0.0
CC(=O)NCC(=O)N[C@@H](CCCCN)C(=O)N[C@@H](C)C(N)=O,-7.0100002,1,-7.0100002,-7.0100002,,-7.0100002,-7.0100002,0.0
CC(=O)NCC1CN(S(=O)(=O)c2ccc(C)cc2)C(=O)O1,-4.7199998,1,-4.7199998,-4.7199998,,-4.7199998,-4.7199998,0.0
CC(=O)NCC1CN(c2cc(F)c(-c3ccncc3)c(F)c2)C(=O)O1,-4.29,1,-4.29,-4.29,,-4.29,-4.29,0.0
CC(=O)NCC1CN(c2ccc(C(C)=O)cc2)C(=O)O1,-4.5900002,1,-4.5900002,-4.5900002,,-4.5900002,-4.5900002,0.0
CC(=O)NCC1CN(c2ccc(C(C)=O)cc2)S(=O)N1C,-5.1199999,1,-5.1199999,-5.1199999,,-5.1199999,-5.1199999,0.0
CC(=O)NCC1CN(c2ccc(C(C)O)cc2)C(=O)N1,-5.6999998,1,-5.6999998,-5.6999998,,-5.6999998,-5.6999998,0.0
CC(=O)NC[C@H]1CN(c2ccc(-c3ccc(C#N)nc3)c(F)c2)C(=O)O1,-4.3783755,1,-4.3783755,-4.3783755,,-4.3783755,-4.3783755,0.0
CC(=O)NC[C@H]1CN(c2ccc(-c3nnc(CC/C(C)=N\O)s3)c(F)c2)C(=O)O1,-5.250906,1,-5.250906,-5.250906,,-5.250906,-5.250906,0.0
CC(=O)NC[C@H]1CN(c2ccc(N3CCOCC3)c(F)c2)C(=O)O1,-4.6788902,1,-4.6788902,-4.6788902,,-4.6788902,-4.6788902,0.0
CC(=O)N[C@@H](C(=O)NCCc1ccccc1)C(C)C,-4.4610906,1,-4.4610906,-4.4610906,,-4.4610906,-4.4610906,0.0
CC(=O)N[C@@H](Cc1c[nH]c2ccccc12)C(=O)N[C@@H](C)C(=O)NCC(=O)NCC(=O)N[C@@H](CC(N)=O)C(=O)N[C@@H](C)C(N)=O,-7.29,1,-7.29,-7.29,,-7.29,-7.29,0.0
CC(=O)N[C@@H](Cc1c[nH]c2ccccc12)C(=O)N[C@@H](C)C(=O)NCC(=O)NCC(=O)N[C@@H](CCCCN)C(=O)N[C@@H](C)C(N)=O,-7.3099999,1,-7.3099999,-7.3099999,,-7.3099999,-7.3099999,0.0
CC(=O)N[C@@H](Cc1ccccc1)C(=O)N(C)[C@H](Cc1ccccc1)C(=O)N(C)[C@@H](Cc1ccccc1)C(N)=O,-4.9229274,1,-4.9229274,-4.9229274,,-4.9229274,-4.9229274,0.0
CC(=O)N[C@@H](Cc1ccccc1)C(=O)N[C@H](Cc1ccccc1)C(=O)N(C)[C@@H](Cc1ccccc1)C(N)=O,-5.3484769,1,-5.3484769,-5.3484769,,-5.3484769,-5.3484769,0.0
CC(=O)N[C@@H](Cc1ccccc1)C(=O)N[C@H](Cc1ccccc1)C(=O)N[C@@H](Cc1ccccc1)C(N)=O,-5.7648687,1,-5.7648687,-5.7648687,,-5.7648687,-5.7648687,0.0
CC(=O)N[C@@H](Cc1ccccc1)C(=O)N[C@H](Cc1ccccc1)C(N)=O,-5.6994848,1,-5.6994848,-5.6994848,,-5.6994848,-5.6994848,0.0
CC(=O)N[C@@H](Cc1ccccc1)C(N)=O,-5.10009,1,-5.10009,-5.10009,,-5.10009,-5.10009,0.0
CC(=O)N[C@H](C)C(=O)NCCc1ccccc1,-4.6095328,1,-4.6095328,-4.6095328,,-4.6095328,-4.6095328,0.0
CC(=O)N[C@H](CC(C)C)C(=O)NCCc1ccccc1,-4.5132465,1,-4.5132465,-4.5132465,,-4.5132465,-4.5132465,0.0
CC(=O)N[C@H](CC1CCCCC1)C(=O)NCCc1ccccc1,-4.3517656,1,-4.3517656,-4.3517656,,-4.3517656,-4.3517656,0.0
CC(=O)N[C@H](Cc1ccccc1)C(=O)N(C)[C@H](Cc1ccccc1)C(=O)N[C@H](Cc1ccccc1)C(N)=O,-5.0900002,1,-5.0900002,-5.0900002,,-5.0900002,-5.0900002,0.0
CC(=O)N[C@H](Cc1ccccc1)C(=O)NCCc1ccccc1,-4.4210458,1,-4.4210458,-4.4210458,,-4.4210458,-4.4210458,0.0
CC(=O)Nc1ccc(O)cc1,-4.4400001,1,-4.4400001,-4.4400001,,-4.4400001,-4.4400001,0.0
CC(=O)Nc1ccc(OCC(O)CNC(C)C)cc1,-5.6199999,3,-5.655210333333334,-5.6199999,0.07811001150200489,-5.7447276,-5.6009035,0.1438240999999998
CC(=O)OC(C)OC(=O)N1CCC(N2CCN(CC(=O)c3ccc(OCC(=O)OC4CCOCC4)cc3)C(=O)C2)CC1,-4.5100002,1,-4.5100002,-4.5100002,,-4.5100002,-4.5100002,0.0
CC(=O)[C@H]1CC[C@H]2[C@@H]3CCC4=CC(=O)CC[C@]4(C)[C@H]3CC[C@]12C,-4.4525001,2,-4.4525001,-4.4525001,0.2439516980880027,-4.625,-4.2800002,0.3449998000000001
CC(=O)c1ccc(N2CC(CN)OC2=O)cc1,-4.8499999,1,-4.8499999,-4.8499999,,-4.8499999,-4.8499999,0.0
CC(=O)c1ccc(N2CC(CO)OC2=O)cc1,-4.1799998,1,-4.1799998,-4.1799998,,-4.1799998,-4.1799998,0.0
CC(=O)c1ccc2c(c1)N1C(=O)OCC1CC2,-4.0100002,1,-4.0100002,-4.0100002,,-4.0100002,-4.0100002,0.0
CC(=O)c1cccc(NC(=O)N[C@@H]2CCCC[C@H]2CN2CCC[C@@H](Cc3ccc(F)cc3)C2)c1,-4.9586072,1,-4.9586072,-4.9586072,,-4.9586072,-4.9586072,0.0
CC(=O)c1sc(NC(=O)N[C@@H]2CCCC[C@H]2CN2CCC[C@@H](Cc3ccc(F)cc3)C2)nc1C,-5.221849,1,-5.221849,-5.221849,,-5.221849,-5.221849,0.0
CC(=S)NC[C@H]1CN(c2ccc(-c3nnc(CN)s3)c(F)c2)C(=O)O1,-4.8219547,1,-4.8219547,-4.8219547,,-4.8219547,-4.8219547,0.0
CC(=S)NC[C@H]1CN(c2ccc(-c3nnc(CNS(C)(=O)=O)s3)c(F)c2)C(=O)O1,-5.619894,1,-5.619894,-5.619894,,-5.619894,-5.619894,0.0
CC(=S)NC[C@H]1CN(c2ccc(N3CCCS(=O)(=O)CC3)c(F)c2)C(=O)O1,-4.6391363,1,-4.6391363,-4.6391363,,-4.6391363,-4.6391363,0.0
CC(=S)NC[C@H]1CN(c2ccc(N3CCCS(=O)CC3)c(F)c2)C(=O)O1,-5.3386211,1,-5.3386211,-5.3386211,,-5.3386211,-5.3386211,0.0
CC(C(=O)O)c1ccc(-c2ccccc2)c(F)c1,-4.6599998,3,-4.608934533333334,-4.6599998,0.12172009850149361,-4.696804,-4.4699998,0.22680420000000012
CC(C(=O)O)c1ccc(C(=O)c2ccccc2)s1,-4.4099998,2,-4.4099998,-4.4099998,0.0,-4.4099998,-4.4099998,0.0
CC(C(=O)O)c1ccc(CC2CCCC2=O)cc1,-4.3499999,1,-4.3499999,-4.3499999,,-4.3499999,-4.3499999,0.0
CC(C(=O)O)c1ccc2c(c1)CC(=O)c1ccccc1S2,-4.4000001,2,-4.4000001,-4.4000001,0.0,-4.4000001,-4.4000001,0.0
CC(C(=O)O)c1ccc2c(c1)Cc1cccnc1O2,-4.3899999,1,-4.3899999,-4.3899999,,-4.3899999,-4.3899999,0.0
CC(C(=O)O)c1ccc2c(c1)N(CCCN1CCCN(C3CC(=O)N(C)C(=O)N3C)CC1)c1ccccc1CO2,-5.7199998,1,-5.7199998,-5.7199998,,-5.7199998,-5.7199998,0.0
CC(C(=O)O)c1ccc2c(c1)N(CCCN1CCCN(c3cc(=O)n(C)c(=O)n3C)CC1)c1ccccc1S2,-5.1599998,1,-5.1599998,-5.1599998,,-5.1599998,-5.1599998,0.0
CC(C(=O)O)c1cccc(C(=O)c2ccccc2)c1,-4.3899999,3,-4.482730066666667,-4.3899999,0.19536406155980526,-4.7071905,-4.3509998,0.35619069999999997
CC(C(=O)O)c1cccc(Oc2ccccc2)c1,-4.94846055,2,-4.94846055,-4.94846055,0.002176828225882461,-4.9499998,-4.9469213,0.003078499999999984
CC(C)(C(=O)O)c1ccc(C(O)CCCN2CCC(C(O)(c3ccccc3)c3ccccc3)CC2)cc1,-6.5100002,1,-6.5100002,-6.5100002,,-6.5100002,-6.5100002,0.0
CC(C)(C(=O)O)c1ccc(C(O)CCCN2CCC(C(O)(c3ccccc3)c3ccccc3)CC2)cc1.Cl,-5.6999998,1,-5.6999998,-5.6999998,,-5.6999998,-5.6999998,0.0
CC(C)(C)C(=O)OCOC(=O)N1CCC(N2CCN(CC(=O)c3ccc(OCC(=O)OC4CCCCC4)cc3)C(=O)C2)CC1,-4.4400001,1,-4.4400001,-4.4400001,,-4.4400001,-4.4400001,0.0
CC(C)(C)CC(=O)Nc1c(F)cc(C(=O)Nc2nccs2)cc1F,-4.0599999,1,-4.0599999,-4.0599999,,-4.0599999,-4.0599999,0.0
CC(C)(C)NC(=O)C1CC2CCCCC2CN1CC(O)C(Cc1ccccc1)NC(=O)C(CC(N)=O)NC(=O)c1ccc2ccccc2n1,-6.2800002,1,-6.2800002,-6.2800002,,-6.2800002,-6.2800002,0.0
CC(C)(C)NC(=O)[C@@H]1CC2CCCCC2CN1CC(OC(=O)CCCCC1SCC2NC(=O)NC21)[C@H](Cc1ccccc1)NC(=O)[C@H](CC(N)=O)NC(=O)c1ccc2ccccc2n1,-6.4094677,1,-6.4094677,-6.4094677,,-6.4094677,-6.4094677,0.0
CC(C)(C)NC(=O)[C@@H]1CN(Cc2cccnc2)CCN1C[C@@H](O)C[C@@H](Cc1ccccc1)C(=O)N[C@H]1c2ccccc2C[C@H]1O,-5.6900001,1,-5.6900001,-5.6900001,,-5.6900001,-5.6900001,0.0
CC(C)(C)NC(=O)[C@@H]1C[C@@H]2CCCC[C@@H]2CN1C[C@@H](O)[C@H](Cc1ccccc1)NC(=O)[C@H](CC(N)=O)NC(=O)c1ccc2ccccc2n1,-6.2600002,1,-6.2600002,-6.2600002,,-6.2600002,-6.2600002,0.0
CC(C)(C)NC(=O)[C@H]1C[C@H]2CCCC[C@H]2CN1C[C@@H](O)[C@H](Cc1ccccc1)NC(=O)[C@@H](CC(N)=O)NC(=O)c1ccc2ccccc2n1,-5.8616972,1,-5.8616972,-5.8616972,,-5.8616972,-5.8616972,0.0
CC(C)(C)NCC(O)COc1ccc(NC(=O)NC2CCCCC2)cc1,-4.9684534,1,-4.9684534,-4.9684534,,-4.9684534,-4.9684534,0.0
CC(C)(C)NCC(O)COc1cccc2c1CC(O)C(O)C2,-5.4109998,1,-5.4109998,-5.4109998,,-5.4109998,-5.4109998,0.0
CC(C)(C)NC[C@@H](COc1nsnc1N1CCOCC1)OC(=O)C1CC1,-4.45792675,2,-4.45792675,-4.45792675,0.25041967452619407,-4.6350002,-4.2808533,0.35414689999999993
CC(C)(C)NC[C@H](O)COc1nsnc1N1CCOCC1,-4.7660073999999994,2,-4.7660073999999994,-4.7660073999999994,0.17959479866237768,-4.8930001,-4.6390147,0.25398540000000036
CC(C)(C)S(=O)(=O)C[C@H](Cc1ccccc1)C(=O)N[C@@H](Cc1cnc[nH]1)C(=O)N[C@H](CC1CCCCC1)[C@@H](O)[C@H](O)C1CC1,-6.1300907,1,-6.1300907,-6.1300907,,-6.1300907,-6.1300907,0.0
CC(C)(C)c1ccc(C(O)CCCN2CCC(C(O)(c3ccccc3)c3ccccc3)CC2)cc1,-5.2600002,1,-5.2600002,-5.2600002,,-5.2600002,-5.2600002,0.0
CC(C)(C)c1ccc(NC(=O)c2ccnn2CCc2ccncc2)cc1,-5.1295056,1,-5.1295056,-5.1295056,,-5.1295056,-5.1295056,0.0
CC(C)(C)c1cccc(NC(=O)c2nscc2NCc2ccncc2)c1,-5.2516832,1,-5.2516832,-5.2516832,,-5.2516832,-5.2516832,0.0
CC(C)(C)c1nn2ccccc2c1Cc1ccc(C(=O)N[C@@H]2CCOC[C@@H]2C(=O)NO)cc1,-5.3665314,1,-5.3665314,-5.3665314,,-5.3665314,-5.3665314,0.0
CC(C)(NC(=O)c1cc2ccccc2s1)C(=O)N[C@H](Cc1ccccc1)C(=O)NCCCN1CCOCC1,-5.3289509,1,-5.3289509,-5.3289509,,-5.3289509,-5.3289509,0.0
CC(C)(O)CC[C@@H](O)[C@](C)(O)[C@H]1CC[C@@]2(O)C3=CC(=O)[C@@H]4C[C@@H](O)[C@@H](O)C[C@@]4(C)C3CC[C@]12C,-4.79,1,-4.79,-4.79,,-4.79,-4.79,0.0
CC(C)(O)[C@H]1CC[C@@](C)([C@H]2[C@@H](O)C[C@@]3(C)[C@@H]4C[C@H](O)C5C(C)(C)[C@@H](O)CCC56CC46CC[C@]23C)O1,-4.5,1,-4.5,-4.5,,-4.5,-4.5,0.0
CC(C)=CC(=O)O[C@@H]1Cc2cc3ccc(=O)oc3cc2OC1(C)C,-4.9204097,1,-4.9204097,-4.9204097,,-4.9204097,-4.9204097,0.0
CC(C)=CCC[C@](C)(O[C@@H]1O[C@@H](CO)[C@@H](O)[C@H](O)[C@H]1O)[C@H]1CC[C@]2(C)[C@@H]1[C@H](O)C[C@@H]1[C@@]3(C)CC[C@H](O)C(C)(C)[C@@H]3C(O[C@@H]3O[C@H](CO)[C@@H](O)[C@H](O)[C@H]3O)C[C@]12C,-6.5883503,1,-6.5883503,-6.5883503,,-6.5883503,-6.5883503,0.0
CC(C)C(=O)Nc1ccc(N(O)O)c(C(F)(F)F)c1,-4.321653400000001,2,-4.321653400000001,-4.321653400000001,0.002337977861315859,-4.3233066,-4.3200002,0.0033064000000004867
CC(C)C(N)C(=O)NC(Cc1ccccc1)C(=O)OC[C@@H]1O[C@H](n2cc(F)c(=O)[nH]c2=O)C[C@H]1O,-6.080461,1,-6.080461,-6.080461,,-6.080461,-6.080461,0.0
CC(C)C(N)C(=O)OCCOCn1cnc2c(=O)[nH]c(N)nc21,-5.669776,1,-5.669776,-5.669776,,-5.669776,-5.669776,0.0
CC(C)C(N)C(=O)OC[C@@H]1O[C@H](n2cc(F)c(=O)[nH]c2=O)C[C@H]1O,-5.29,1,-5.29,-5.29,,-5.29,-5.29,0.0
CC(C)C(NC(=O)[C@@H]1CCCN1C(=O)[C@@H](NC(=O)N1CCOCC1)C(C)C)C(=O)C(F)(F)C(F)(F)F,-4.5178499,1,-4.5178499,-4.5178499,,-4.5178499,-4.5178499,0.0
CC(C)C(NC(=O)[C@@H]1CCCN1C(=O)[C@@H](NC(=O)c1ccc(C(=O)N2CCOCC2)cc1)C(C)C)C(=O)C(F)(F)C(F)(F)F,-5.098455,1,-5.098455,-5.098455,,-5.098455,-5.098455,0.0
CC(C)CC(N)C(=O)NCC(=O)OC[C@@H]1O[C@H](n2cc(F)c(=O)[nH]c2=O)C[C@H]1O,-5.4206805,1,-5.4206805,-5.4206805,,-5.4206805,-5.4206805,0.0
CC(C)CC(NC(=O)CN)C(=O)OC[C@@H]1O[C@H](n2cc(F)c(=O)[nH]c2=O)C[C@H]1O,-5.2006745,1,-5.2006745,-5.2006745,,-5.2006745,-5.2006745,0.0
CC(C)CC[C@@H](O)[C@](C)(O)[C@H]1CC[C@@]2(O)C3=CC(=O)[C@@H]4C[C@@H](O)[C@@H](O)C[C@@]4(C)C3CC[C@]12C,-4.7199998,1,-4.7199998,-4.7199998,,-4.7199998,-4.7199998,0.0
CC(C)CC[C@@H](O)[C@](C)(O)[C@H]1CC[C@@]2(O)C3=CC(=O)[C@]4(O)C[C@@H](O)[C@@H](O)C[C@@]4(C)C3[C@@H](O)C[C@]12C,-4.9000001,1,-4.9000001,-4.9000001,,-4.9000001,-4.9000001,0.0
CC(C)CCn1c(=O)c(C2=NS(=O)(=O)c3ccccc3N2)c(O)c2cccn21,-4.9593034,1,-4.9593034,-4.9593034,,-4.9593034,-4.9593034,0.0
CC(C)CNC(=O)[C@H](C)NC[C@H](Cc1ccccc1)NC(=O)c1cc(C(=O)N[C@H](C)c2ccc(F)cc2)cc(N(C)S(C)(=O)=O)c1,-5.0,1,-5.0,-5.0,,-5.0,-5.0,0.0
CC(C)CNC(=O)[C@H](C)NC[C@H](Cc1ccccc1)NC(=O)c1cc(CCC2C[C@@H]2C)cc(N(C)S(C)(=O)=O)c1,-4.6197886,1,-4.6197886,-4.6197886,,-4.6197886,-4.6197886,0.0
CC(C)COC(=O)N1CCC(CN(C2Cc3cc(C#N)ccc3N(Cc3cncn3C)C2)S(=O)(=O)c2ccccn2)CC1,-5.1224694,1,-5.1224694,-5.1224694,,-5.1224694,-5.1224694,0.0
CC(C)C[C@H](O)[C@H](O)[C@H](CC1CCCCC1)NC(=O)CCCCCc1ccccc1,-5.1500001,1,-5.1500001,-5.1500001,,-5.1500001,-5.1500001,0.0
CC(C)C[C@H](O)[C@H](O)[C@H](CC1CCCCC1)NC(=O)OC(C)(C)C,-4.1799998,1,-4.1799998,-4.1799998,,-4.1799998,-4.1799998,0.0
CC(C)C[C@H]1C(=O)N2CCC[C@H]2[C@]2(O)O[C@](NC(=O)[C@@H]3C=C4c5cccc6[nH]c(Br)c(c56)C[C@H]4N(C)C3)(C(C)C)C(=O)N12,-5.845,2,-5.845,-5.845,0.09192359871153846,-5.9099998,-5.7800002,0.12999959999999966
CC(C)C[C@H]1NC(=O)[C@@H](CC2CCCCC2)NC(=O)CNC(=O)[C@@H](C)NC(=O)[C@H](Cc2ccc(O)cc2)NC(=O)/C=C\c2ccccc2OC1=O,-6.4699998,1,-6.4699998,-6.4699998,,-6.4699998,-6.4699998,0.0
CC(C)C[C@H]1NC(=O)[C@@H](Cc2ccccc2)NC(=O)CNC(=O)[C@@H](C)NC(=O)[C@H](Cc2ccc(O)cc2)NC(=O)/C=C\c2ccccc2OC1=O,-5.8800001,1,-5.8800001,-5.8800001,,-5.8800001,-5.8800001,0.0
CC(C)Cc1ccc(C(C)C(=O)NO)cc1,-4.6300001,3,-4.6300001,-4.6300001,0.0,-4.6300001,-4.6300001,0.0
CC(C)Cc1ccc(C(C)C(=O)O)cc1,-4.3116877,2,-4.3116877,-4.3116877,0.04481289225769758,-4.3433752,-4.2800002,0.06337499999999974
CC(C)NCC(COc1ccc(CCOCC2CC2)cc1)OC(=O)C1CC1,-4.1300812,1,-4.1300812,-4.1300812,,-4.1300812,-4.1300812,0.0
CC(C)NCC(COc1cccc2ccccc12)OC(=O)C1CC1,-4.1608586,1,-4.1608586,-4.1608586,,-4.1608586,-4.1608586,0.0
CC(C)NCC(O)COc1ccc(CCOCC2CC2)cc1,-4.3156309,1,-4.3156309,-4.3156309,,-4.3156309,-4.3156309,0.0
CC(C)NCC(O)COc1ccc(COCCOC(C)C)cc1,-4.7600002,1,-4.7600002,-4.7600002,,-4.7600002,-4.7600002,0.0
CC(C)NCC(O)COc1ccc(NC=O)cc1,-5.4279842,1,-5.4279842,-5.4279842,,-5.4279842,-5.4279842,0.0
CC(C)NCC(O)COc1cccc2[nH]ccc12,-4.5624337,2,-4.5624337,-4.5624337,0.2086902628092169,-4.71,-4.4148674,0.29513259999999963
CC(C)NCC(O)COc1cccc2ccccc12,-4.52197335,2,-4.52197335,-4.52197335,0.08206193398771974,-4.5799999,-4.4639468,0.11605309999999935
CC(C)NCC(O)c1ccc(NS(C)(=O)=O)cc1,-5.54,3,-5.5589170333333335,-5.54,0.19232367795002114,-5.7600002,-5.3767509,0.3832493000000001
CC(C)NC[C@@H](O)COc1ccc(CCOCC2CC2)cc1,-4.8099999,1,-4.8099999,-4.8099999,,-4.8099999,-4.8099999,0.0
CC(C)NC[C@H](COc1ccc(CCOCC2CC2)cc1)OC(=O)C1CC1,-4.52,1,-4.52,-4.52,,-4.52,-4.52,0.0
CC(C)NC[C@H](COc1cccc2ccccc12)OC(=O)C1CC1,-4.5100002,1,-4.5100002,-4.5100002,,-4.5100002,-4.5100002,0.0
CC(C)NS(=O)(=O)n1c(N)nc2ccc(C(C(N)=O)c3cc(F)ccc3F)cc21,-4.5388007,1,-4.5388007,-4.5388007,,-4.5388007,-4.5388007,0.0
CC(C)NS(=O)(=O)n1c(N)nc2ccc(C(C(N)=O)c3cccc(F)c3)cc21,-4.3312736,1,-4.3312736,-4.3312736,,-4.3312736,-4.3312736,0.0
CC(C)OC(=O)[C@H](Cc1ccc(OC(=O)N(C)C)cc1)NC(=O)[C@H]1N(S(=O)(=O)c2cnn(C)c2)CSC1(C)C,-5.1700001,1,-5.1700001,-5.1700001,,-5.1700001,-5.1700001,0.0
CC(C)S(=O)(=O)n1c(N)nc2ccc(/C(=C/C(N)=O)c3c(F)c(F)c(F)c(F)c3F)cc21,-4.1999998,1,-4.1999998,-4.1999998,,-4.1999998,-4.1999998,0.0
CC(C)S(=O)(=O)n1c(N)nc2ccc(/C(=C/C(N)=O)c3c(F)c(F)cc(F)c3F)cc21,-4.1999998,1,-4.1999998,-4.1999998,,-4.1999998,-4.1999998,0.0
CC(C)S(=O)(=O)n1c(N)nc2ccc(/C(=C/C(N)=O)c3cc(F)c(F)c(F)c3)cc21,-4.3299999,1,-4.3299999,-4.3299999,,-4.3299999,-4.3299999,0.0
CC(C)S(=O)(=O)n1c(N)nc2ccc(/C(=C/C(N)=O)c3cc(F)cc(F)c3)cc21,-4.2399998,2,-4.2399998,-4.2399998,0.0,-4.2399998,-4.2399998,0.0
CC(C)S(=O)(=O)n1c(N)nc2ccc(/C(=C/C(N)=O)c3cc(F)ccc3F)cc21,-4.46,2,-4.46,-4.46,0.0,-4.46,-4.46,0.0
CC(C)S(=O)(=O)n1c(N)nc2ccc(/C(=C/C(N)=O)c3ccc(F)c(F)c3)cc21,-4.3600001,2,-4.3600001,-4.3600001,0.0,-4.3600001,-4.3600001,0.0
CC(C)S(=O)(=O)n1c(N)nc2ccc(/C(=C/C(N)=O)c3ccc(F)c(F)c3F)cc21,-4.3299999,1,-4.3299999,-4.3299999,,-4.3299999,-4.3299999,0.0
CC(C)S(=O)(=O)n1c(N)nc2ccc(/C(=C/C(N)=O)c3ccc(F)cc3)cc21,-4.3299999,2,-4.3299999,-4.3299999,0.0,-4.3299999,-4.3299999,0.0
CC(C)S(=O)(=O)n1c(N)nc2ccc(/C(=C/C(N)=O)c3ccc(F)cc3F)cc21,-4.3699999,2,-4.3699999,-4.3699999,0.0,-4.3699999,-4.3699999,0.0
CC(C)S(=O)(=O)n1c(N)nc2ccc(/C(=C/C(N)=O)c3cccc(F)c3)cc21,-4.1399999,3,-4.2733332666666675,-4.1399999,0.23094016541087722,-4.54,-4.1399999,0.40000009999999975
CC(C)S(=O)(=O)n1c(N)nc2ccc(/C(=C/C(N)=O)c3cccc(F)c3F)cc21,-4.329999900000001,2,-4.329999900000001,-4.329999900000001,0.14142121481595332,-4.4299998,-4.23,0.19999979999999962
CC(C)S(=O)(=O)n1c(N)nc2ccc(/C(=C/C(N)=O)c3ccccc3)cc21,-4.3600001,2,-4.3600001,-4.3600001,0.0,-4.3600001,-4.3600001,0.0
CC(C)S(=O)(=O)n1c(N)nc2ccc(/C(=C/C(N)=O)c3ccccc3F)cc21,-4.54,1,-4.54,-4.54,,-4.54,-4.54,0.0
CC(C)S(=O)(=O)n1c(N)nc2ccc(/C(=N/O)c3ccccc3)cc21,-3.8699999,2,-3.8699999,-3.8699999,0.0,-3.8699999,-3.8699999,0.0
CC(C)[C@@H](C(=O)N[C@H](C)Cc1ccc(O)c(C(C)(C)C)c1)N(C)C(=O)[C@@H](N)Cc1ccccc1,-4.9186072,1,-4.9186072,-4.9186072,,-4.9186072,-4.9186072,0.0
CC(C)[C@H](N)C(=O)OCCOCn1cnc2c(=O)nc(N)[nH]c21,-5.6791363,3,-5.6791361333333334,-5.6791363,0.04086375000025489,-5.7199998,-5.6382723,0.0817275000000004
CC(C)[C@H](N)C(=O)OC[C@@H]1O[C@H](n2cc(F)c(=O)[nH]c2=O)C[C@H]1O,-6.0100002,1,-6.0100002,-6.0100002,,-6.0100002,-6.0100002,0.0
CC(C)[C@H](N)C(=O)OC[C@H]1O[C@@H](n2ccc(O)nc2=O)[C@@H](O)[C@@H]1O,-5.23,1,-5.23,-5.23,,-5.23,-5.23,0.0
CC(C)[C@H](NC(=O)CCN(C)C)c1cc(Cl)ccc1N1CCN(C(=O)[C@H](C)Cc2ccc(Cl)cc2)CC1,-5.0478787,1,-5.0478787,-5.0478787,,-5.0478787,-5.0478787,0.0
CC(C)[C@H](NC(=O)CCN(C)C)c1cccc(F)c1N1CCN(C(=O)[C@H](C)Cc2ccc(Cl)cc2)CC1,-5.0,1,-5.0,-5.0,,-5.0,-5.0,0.0
CC(C)[C@H](NC(=O)[C@H](OCc1ccccc1)[C@H](O)[C@@H](O)[C@@H](OCc1ccccc1)C(=O)N[C@H]1c2ccccc2C[C@H]1O)C(=O)NCC(F)(F)F,-5.54,1,-5.54,-5.54,,-5.54,-5.54,0.0
CC(C)[C@H](NC(=O)[C@H](OCc1ccccc1)[C@H](O)[C@@H](O)[C@@H](OCc1ccccc1)C(=O)N[C@H]1c2ccccc2C[C@H]1O)C(=O)NCCF,-5.8000002,1,-5.8000002,-5.8000002,,-5.8000002,-5.8000002,0.0
CC(C)c1c(C(=O)Nc2ccccc2)c(-c2ccccc2)c(-c2ccc(F)cc2)n1CC[C@@H](O)C[C@@H](O)CC(=O)O,-5.3099999,1,-5.3099999,-5.3099999,,-5.3099999,-5.3099999,0.0
CC(C)c1c(C(=O)Nc2ccccc2)c(-c2ccccc2)c(-c2ccc(F)cc2)n1CC[C@H](O)C[C@H](O)CC(=O)O,-5.309804,1,-5.309804,-5.309804,,-5.309804,-5.309804,0.0
CC(C)c1ccc(NC(=O)c2ccnn2CCc2ccncc2)cc1,-5.0886235,1,-5.0886235,-5.0886235,,-5.0886235,-5.0886235,0.0
CC(C)c1cccc(C(C)C)c1O,-4.77,2,-4.77,-4.77,0.0,-4.77,-4.77,0.0
CC(C)n1c(/C=C/[C@H](O)C[C@H](O)CC(=O)O)c(-c2ccc(F)cc2)c2ccccc21,-5.6999998,1,-5.6999998,-5.6999998,,-5.6999998,-5.6999998,0.0
CC(C)n1c(N)nc2ccc(C(C(N)=O)c3cccc(F)c3F)cc21,-5.1874509,1,-5.1874509,-5.1874509,,-5.1874509,-5.1874509,0.0
CC(CCc1ccccc1)NCC(O)c1ccc(O)c(C(N)=O)c1,-4.895062,1,-4.895062,-4.895062,,-4.895062,-4.895062,0.0
CC(CN1c2ccccc2Sc2ccccc21)N(C)C,-3.7777722,1,-3.7777722,-3.7777722,,-3.7777722,-3.7777722,0.0
CC(CO)NC(=O)C1C=C2c3cccc4[nH]cc(c34)CC2N(C)C1,-5.1684265,1,-5.1684265,-5.1684265,,-5.1684265,-5.1684265,0.0
CC(NC(=O)C(N)CC(N)=O)C(N)=O,-6.5885487,1,-6.5885487,-6.5885487,,-6.5885487,-6.5885487,0.0
CC(NC(=O)[C@@H](N)CCC(=O)OCc1ccccc1)C(=O)O,-5.6912522,1,-5.6912522,-5.6912522,,-5.6912522,-5.6912522,0.0
CC(NC(=O)[C@@H](N)COCc1ccccc1)C(=O)O,-5.9906998,1,-5.9906998,-5.9906998,,-5.9906998,-5.9906998,0.0
CC(NC(C)(C)C)C(=O)c1cccc(Cl)c1,-3.9519544,1,-3.9519544,-3.9519544,,-3.9519544,-3.9519544,0.0
CC(O)(CS(=O)(=O)c1ccc(F)cc1)C(=O)Nc1ccc(C#N)c(C(F)(F)F)c1,-4.6599998,1,-4.6599998,-4.6599998,,-4.6599998,-4.6599998,0.0
CC(OC(=O)NCC1(CC(=O)O)CCCCC1)OC(=O)C(C)C,-4.5093193,1,-4.5093193,-4.5093193,,-4.5093193,-4.5093193,0.0
CC/C(=C(/c1ccccc1)c1ccc(OCCN(C)C)cc1)c1ccccc1,-4.3221111,1,-4.3221111,-4.3221111,,-4.3221111,-4.3221111,0.0
CC/C=C(\C(=O)N[C@@H]1C(=O)N2C(C(=O)OCOC(=O)C(C)(C)C)=C(COC(N)=O)CS[C@H]12)c1csc(N)n1.Cl.O,-5.1100001,1,-5.1100001,-5.1100001,,-5.1100001,-5.1100001,0.0
CC1(C)CC(=O)N(CCCCN2CCN(c3ncccn3)CC2)C(=O)C1,-4.6999998,1,-4.6999998,-4.6999998,,-4.6999998,-4.6999998,0.0
CC1(C)CC(=O)N(CCCCN2CCN(c3ncccn3)CC2)C(=O)C1O,-4.8899999,1,-4.8899999,-4.8899999,,-4.8899999,-4.8899999,0.0
CC1(C)CNc2cc(NC(=O)c3cccnc3NCc3ccncc3)ccc21,-5.489058,1,-5.489058,-5.489058,,-5.489058,-5.489058,0.0
CC1(C)SC2C(NC(=O)C(N)c3ccccc3)C(=O)N2C1C(=O)O,-6.0700002,1,-6.0700002,-6.0700002,,-6.0700002,-6.0700002,0.0
CC1(C)S[C@@H]2[C@H](NC(=O)Cc3ccccc3)C(=O)N2[C@H]1C(=O)O,-6.0250001,1,-6.0250001,-6.0250001,,-6.0250001,-6.0250001,0.0
CC1(C)S[C@@H]2[C@H](NC(=O)[C@H](N)c3ccc(O)cc3)C(=O)N2[C@H]1C(=O)O,-6.1524997,1,-6.1524997,-6.1524997,,-6.1524997,-6.1524997,0.0
CC1(C)S[C@@H]2[C@H](NC(=O)[C@H](N)c3ccccc3)C(=O)N2[C@H]1C(=O)O,-5.6999998,1,-5.6999998,-5.6999998,,-5.6999998,-5.6999998,0.0
CC1(C)S[C@H]2[C@@H](NC(=O)Cc3ccccc3)C(=O)N2[C@@H]1C(=O)O,-5.8697934,1,-5.8697934,-5.8697934,,-5.8697934,-5.8697934,0.0
CC1(C)S[C@]2(C)[C@H](NC(=O)[C@H](N)c3ccccc3)C(=O)N2[C@H]1C(=O)O,-6.1023731,1,-6.1023731,-6.1023731,,-6.1023731,-6.1023731,0.0
CC1=C(C(=O)O)N2C(=O)C(NC(=O)C(N)c3ccccc3)C2SC1,-6.3600001,1,-6.3600001,-6.3600001,,-6.3600001,-6.3600001,0.0
CC1=C(C(=O)O)N2C(=O)[C@@H](NC(=O)[C@@H](N)C3=CCC=CC3)[C@H]2SC1,-5.6925039,1,-5.6925039,-5.6925039,,-5.6925039,-5.6925039,0.0
CC1=C(C(=O)O)N2C(=O)[C@@H](NC(=O)[C@H](N)C3=CCC=CC3)[C@H]2SC1,-5.61500005,2,-5.61500005,-5.61500005,0.10606608788866007,-5.6900001,-5.54,0.15000009999999975
CC1=C(CC(=O)O)c2cc(F)ccc2/C1=C\c1ccc(S(C)=O)cc1,-5.06341435,2,-5.06341435,-5.06341435,0.24524506710147018,-5.2368288,-4.8899999,0.34682889999999933
CC1=C[C@@H]2O[C@@H]3[C@@H](O)C[C@@](C)([C@]2(CO)[C@@H](O)C1=O)[C@]31CO1,-5.3005152,1,-5.3005152,-5.3005152,,-5.3005152,-5.3005152,0.0
CC1CCC(=O)CCC/C=C/c2cc(O)cc(O)c2C(=O)OC1,-4.98,1,-4.98,-4.98,,-4.98,-4.98,0.0
CC1CCC(O)CCC/C=C/c2cc(O)cc(O)c2C(=O)OC1,-5.27,1,-5.27,-5.27,,-5.27,-5.27,0.0
CC1CCC(O)CCCCCc2cc(O)cc(O)c2C(=O)OC1,-4.8200002,1,-4.8200002,-4.8200002,,-4.8200002,-4.8200002,0.0
CC1CCC2C(C)C(OC(=O)CCC(=O)O)OC3OC4(C)CCC1C32OO4,-5.4000001,1,-5.4000001,-5.4000001,,-5.4000001,-5.4000001,0.0
CC1CCN(C(=O)CC(Cc2cccc(C(=N)N)c2)NS(=O)(=O)c2ccc3ccccc3c2)CC1,-6.8762317,1,-6.8762317,-6.8762317,,-6.8762317,-6.8762317,0.0
CC1CCN(C(=O)CC(Cc2cccc(N)c2)NS(=O)(=O)c2ccc3ccccc3c2)CC1,-4.997839,1,-4.997839,-4.997839,,-4.997839,-4.997839,0.0
CC1CN(CCCNC(=O)[C@@H](Cc2ccccc2)NC(=O)C2(NC(=O)c3cc4ccccc4s3)CCCC2)CC(C)N1,-5.9593034,1,-5.9593034,-5.9593034,,-5.9593034,-5.9593034,0.0
CC1CN(c2cc3c(cc2F)c(=O)c(C(=O)O)cn3C2CC2)CCN1,-5.44092445,2,-5.44092445,-5.44092445,0.001307228306379596,-5.4418488,-5.4400001,0.0018487000000000364
CC1CN(c2cc3c(cc2F)c(=O)c(C(=O)O)cn3C2CC2)CCN1C,-4.6603856,2,-4.6603856,-4.6603856,0.0005456035923636853,-4.6607714,-4.6599998,0.0007716000000002055
CC1COc2c(N3CCN(C)CC3)c(F)cc3c(=O)c(C(=O)O)cn1c23,-4.7907937,2,-4.7907937,-4.7907937,0.0011224613044555373,-4.7915874,-4.79,0.0015874000000000166
CC1NC(=O)C(CC(=O)O)NC(=O)CNC(=O)CNC(=O)C(C)NC(=O)C(Cc2c[nH]c3ccccc23)NC1=O,-7.0307584,1,-7.0307584,-7.0307584,,-7.0307584,-7.0307584,0.0
CC1OC(O[C@@H]2C=C3CC[C@@H]4[C@H](CC[C@]5(C)[C@@H](c6ccc(=O)oc6)CC[C@]45O)[C@@]3(C)CC2)C(O)C(O)C1O,-6.2299852,1,-6.2299852,-6.2299852,,-6.2299852,-6.2299852,0.0
CCC(=O)C(CC(C)N(C)C)(c1ccccc1)c1ccccc1,-4.6599998,1,-4.6599998,-4.6599998,,-4.6599998,-4.6599998,0.0
CCC(=O)N(c1ccccc1)C1(COC)CCN(CCn2nnn(CC)c2=O)CC1,-3.824779,3,-3.961593066666667,-3.824779,0.2587249748833955,-4.2600002,-3.8,0.4600002000000005
CCC(=O)NC[C@H]1CN(c2ccc(-c3nncs3)c(F)c2)C(=O)O1,-4.4308991,1,-4.4308991,-4.4308991,,-4.4308991,-4.4308991,0.0
CCC(=O)NC[C@H]1CN(c2ccc(-n3cc(C#N)cn3)c(F)c2)C(=O)O1,-4.3099999,1,-4.3099999,-4.3099999,,-4.3099999,-4.3099999,0.0
CCC(=O)Nc1ccc(OCC(O)CNC(C)C)cc1,-5.2198415,1,-5.2198415,-5.2198415,,-5.2198415,-5.2198415,0.0
CCC(=S)NC[C@H]1CN(c2ccc(N3CCN(C(=O)CO)CC3)c(F)c2)C(=O)O1,-4.7423639,1,-4.7423639,-4.7423639,,-4.7423639,-4.7423639,0.0
CCC(=S)NC[C@H]1CN(c2ccc(N3CCN(C=O)CC3)c(F)c2)C(=O)O1,-4.4579659,1,-4.4579659,-4.4579659,,-4.4579659,-4.4579659,0.0
CCC(C(=O)O)c1ccc(N2Cc3ccccc3C2=O)cc1,-4.3899999,1,-4.3899999,-4.3899999,,-4.3899999,-4.3899999,0.0
CCC(C)(C)C(=O)O[C@@H]1C[C@H](C)C=C2C=C[C@@H](C)[C@@H](CC[C@@H]3C[C@H](O)CC(=O)O3)[C@@H]21,-5.1700001,1,-5.1700001,-5.1700001,,-5.1700001,-5.1700001,0.0
CCC(C)C(=O)OC1CC(C)C=C2C=CC(C)C(CCC3CC(O)CC(=O)O3)C21,-4.8400002,1,-4.8400002,-4.8400002,,-4.8400002,-4.8400002,0.0
CCC(C)C(=O)O[C@@H]1C[C@@H](O)C=C2C=C[C@@H](C)[C@@H](CC[C@@H](O)C[C@@H](O)CC(=O)O)[C@@H]21,-5.8699999,1,-5.8699999,-5.8699999,,-5.8699999,-5.8699999,0.0
CCC(C)C(N)C(=O)OC[C@@H]1O[C@H](n2cc(F)c(=O)[nH]c2=O)C[C@H]1O,-5.5908804,1,-5.5908804,-5.5908804,,-5.5908804,-5.5908804,0.0
CCC/C=C\CC/C=C/C=C/C(=O)NCC(C)C,-4.6989698,1,-4.6989698,-4.6989698,,-4.6989698,-4.6989698,0.0
CCC1(c2ccccc2)C(=O)NC(=O)NC1=O,-4.6300001,1,-4.6300001,-4.6300001,,-4.6300001,-4.6300001,0.0
CCC12CCN(CC3(O)CC3)C(Cc3ccc(O)cc31)C2(C)C,-4.8458223,2,-4.8458223,-4.8458223,0.16147165186056645,-4.96,-4.7316446,0.22835539999999988
CCCC(CCC)C(=O)O,-4.3200002,1,-4.3200002,-4.3200002,,-4.3200002,-4.3200002,0.0
CCCC1O[C@@H]2C[C@H]3[C@@H]4CCC5=CC(=O)C=C[C@]5(C)[C@H]4[C@@H](O)C[C@]3(C)[C@]2(C(=O)CO)O1,-4.83999995,2,-4.83999995,-4.83999995,0.07071060740797681,-4.8899999,-4.79,0.09999990000000025
CCCCC(=O)N(Cc1ccc(-c2ccccc2-c2nnn[nH]2)cc1)[C@H](C(=O)O)C(C)C,-6.2600002,1,-6.2600002,-6.2600002,,-6.2600002,-6.2600002,0.0
CCCCC(=O)NS(=O)(=O)c1ccccc1-c1ccc(Cn2c(CCC)nc(CC)c2C(=O)O)c(F)c1,-5.1999998,1,-5.1999998,-5.1999998,,-5.1999998,-5.1999998,0.0
CCCCC(C)OC(=O)COc1ccc(C(=O)CN2CCN(C3CCNCC3)CC2=O)cc1,-5.29,1,-5.29,-5.29,,-5.29,-5.29,0.0
CCCCC/C=C\C/C=C\CCCCCCCC(=O)OCC/C=C/c1ccc(OC)c(OC)c1,-4.8498521,1,-4.8498521,-4.8498521,,-4.8498521,-4.8498521,0.0
CCCCCCC(C)OC(=O)COc1ccc(C(=O)CN2CCN(C3CCNCC3)CC2=O)cc1,-4.7399998,1,-4.7399998,-4.7399998,,-4.7399998,-4.7399998,0.0
CCCCCCC(N)C(=O)N[C@@H](Cc1c(C)cc(O)cc1C)C(=O)N1CCC[C@@H]1C(=O)N[C@@H](Cc1c[nH]c2ccccc12)C(=O)N[C@@H](Cc1ccccc1)C(N)=O,-6.2223768,1,-6.2223768,-6.2223768,,-6.2223768,-6.2223768,0.0
CCCCCCC(N)C(=O)N[C@@H](Cc1ccc(O)cc1)C(=O)N1CCC[C@@H]1C(=O)N[C@@H](Cc1c[nH]c2ccccc12)C(=O)N[C@@H](Cc1ccccc1)C(=O)N[C@@H]1O[C@H](C(N)=O)[C@@H](O)C(O)C1O,-5.79,1,-5.79,-5.79,,-5.79,-5.79,0.0
CCCCCCC(N)C(=O)N[C@@H](Cc1ccc(O)cc1)C(=O)N1CCC[C@@H]1C(=O)N[C@@H](Cc1c[nH]c2ccccc12)C(=O)N[C@@H](Cc1ccccc1)C(N)=O,-5.4504986,1,-5.4504986,-5.4504986,,-5.4504986,-5.4504986,0.0
CCCCCCCC/C=C\CCCCCCCC(=O)OCC/C=C/c1ccc(OC)c(OC)c1,-5.0101638,1,-5.0101638,-5.0101638,,-5.0101638,-5.0101638,0.0
CCCCCCCCCC(=O)N1CCNCC1,-3.8199999,1,-3.8199999,-3.8199999,,-3.8199999,-3.8199999,0.0
CCCCCCCCCC(=O)NN,-4.1199999,1,-4.1199999,-4.1199999,,-4.1199999,-4.1199999,0.0
CCCCCCCCCC(=O)Nc1ccc(S(=O)(=O)Nc2nncs2)cc1,-5.46,1,-5.46,-5.46,,-5.46,-5.46,0.0
CCCCCCCCCC(=O)O,-4.6799998,1,-4.6799998,-4.6799998,,-4.6799998,-4.6799998,0.0
CCCCCCCCCC(=O)OC,-3.51,1,-3.51,-3.51,,-3.51,-3.51,0.0
CCCCCCCCCCCCc1ccc(S(=O)(=O)Nc2nncs2)cc1,-5.3200002,1,-5.3200002,-5.3200002,,-5.3200002,-5.3200002,0.0
CCCCCCCCOC(=O)c1ccc(O)cc1,-4.8800001,1,-4.8800001,-4.8800001,,-4.8800001,-4.8800001,0.0
CCCCCCOc1cccc(NC(=O)OCC[NH+]2CCCC2)c1.[Cl-],-5.4807429,2,-5.4807429,-5.4807429,0.0010506192554864883,-5.4814858,-5.48,0.0014857999999993154
CCCCCC[C@H](NC(C)=O)C(=O)N[C@@H](Cc1ccc(O)cc1)C(=O)NCC(=O)NCC(=O)N[C@@H](Cc1ccccc1)C(=O)N[C@@H](CC(C)C)C(N)=O,-5.9699998,1,-5.9699998,-5.9699998,,-5.9699998,-5.9699998,0.0
CCCCCN(CCCOC)C(=O)[C@@H](CCC(=O)O)NC(=O)c1ccc(Cl)c(Cl)c1,-5.140131,1,-5.140131,-5.140131,,-5.140131,-5.140131,0.0
CCCCCOc1cccc(NC(=O)OCCN2CCCC2)c1,-4.77,1,-4.77,-4.77,,-4.77,-4.77,0.0
CCCCCOc1cccc(NC(=O)OCC[NH+]2CCCC2)c1.[Cl-],-4.76977565,2,-4.76977565,-4.76977565,0.00031727881271822464,-4.77,-4.7695513,0.0004486999999997465
CCCCN1C(=O)N(Cc2ccc3[nH]nc(N)c3c2)[C@H](Cc2ccccc2)[C@H](O)[C@@H](O)[C@H]1Cc1ccccc1,-5.6788902,1,-5.6788902,-5.6788902,,-5.6788902,-5.6788902,0.0
CCCCN1CCN(c2cc3c(cc2F)c(=O)c(C(=O)O)cn3C2CC2)CC1C,-4.85924625,2,-4.85924625,-4.85924625,0.0010661048939945657,-4.8600001,-4.8584924,0.0015076999999994456
CCCCOC(=O)COc1ccc(C(=O)CN2CCN(C3CCN(C(=O)OCc4oc(=O)oc4C)CC3)CC2=O)cc1,-4.3499999,1,-4.3499999,-4.3499999,,-4.3499999,-4.3499999,0.0
CCCCOC(=O)COc1ccc(C(=O)CN2CCN(C3CCNCC3)CC2=O)cc1,-5.79,1,-5.79,-5.79,,-5.79,-5.79,0.0
CCCCOC(=O)COc1ccc(C(=O)CNC(=O)c2cc3c(s2)CCNC3)cc1OCC(=O)OCCCC,-5.1011863,1,-5.1011863,-5.1011863,,-5.1011863,-5.1011863,0.0
CCCCOC(=O)c1ccc(O)cc1,-4.4899998,1,-4.4899998,-4.4899998,,-4.4899998,-4.4899998,0.0
CCCCOc1cccc(NC(=O)OCCN2CCCC2)c1,-4.5900002,1,-4.5900002,-4.5900002,,-4.5900002,-4.5900002,0.0
CCCCOc1cccc(NC(=O)OCC[NH+]2CCCC2)c1.[Cl-],-4.58751345,2,-4.58751345,-4.58751345,0.003516795576231426,-4.5900002,-4.5850267,0.004973500000000186
CCCCc1nc(Cl)c(C=O)n1Cc1ccc(-c2ccccc2-c2nnn[nH]2)cc1,-5.0600001500000005,2,-5.0600001500000005,-5.0600001500000005,0.0707106074079765,-5.1100001,-5.0100002,0.09999989999999936
CCCCc1nc(Cl)c(CO)n1Cc1ccc(-c2ccccc2-c2nnn[nH]2)cc1,-6.0727587,1,-6.0727587,-6.0727587,,-6.0727587,-6.0727587,0.0
CCCCc1oc2ccc(NS(C)(=O)=O)cc2c1C(=O)c1ccc(OCCCN(CCCC)CCCC)cc1,-4.52,1,-4.52,-4.52,,-4.52,-4.52,0.0
CCCN(Cc1ccoc1)C(=O)c1cc(C)cc(OCC2(CON=C(N)N)CC2)c1,-5.3872161,1,-5.3872161,-5.3872161,,-5.3872161,-5.3872161,0.0
CCCN1CCN(c2cc3c(cc2F)c(=O)c(C(=O)O)cn3C2CC2)CC1C,-4.8195391,2,-4.8195391,-4.8195391,0.0006520938736100659,-4.8200002,-4.819078,0.0009221999999997621
CCCOC(=O)c1ccc(O)cc1,-4.3899999,1,-4.3899999,-4.3899999,,-4.3899999,-4.3899999,0.0
CCCOCOCC1CN(c2ccc(C(C)=O)cc2)C(=O)O1,-3.95,1,-3.95,-3.95,,-3.95,-3.95,0.0
CCCOc1ccc2c(c1)[C@@H](c1ccc(OC)cc1OCC(=O)O)[C@H](C(=O)O)C2,-5.23,1,-5.23,-5.23,,-5.23,-5.23,0.0
CCCOc1cccc(NC(=O)OCCN2CCCC2)c1,-4.5700002,1,-4.5700002,-4.5700002,,-4.5700002,-4.5700002,0.0
CCCOc1cccc(NC(=O)OCC[NH+]2CCCC2)c1.[Cl-],-4.5693183,2,-4.5693183,-4.5693183,0.0009643522281822319,-4.5700002,-4.5686364,0.001363800000000026
CCCS(=O)(=O)n1c(N)nc2ccc(/C(=C/C(=O)NC)c3cccc(F)c3)cc21,-4.1900001,2,-4.1900001,-4.1900001,0.0,-4.1900001,-4.1900001,0.0
CCCSc1ccc2nc(NC(=O)OC)[nH]c2c1,-5.18854335,2,-5.18854335,-5.18854335,0.0020601556069870155,-5.1900001,-5.1870866,0.0029135000000000133
CCC[C@H](NC(=O)C1[C@H]2CCC[C@H]2CN1C(=O)[C@@H](NC(=O)[C@@H](NC(=O)c1cnccn1)C1CCCCC1)C(C)(C)C)C(=O)C(=O)NC1CC1,-5.3200002,1,-5.3200002,-5.3200002,,-5.3200002,-5.3200002,0.0
CCC[C@H](NC(=O)[C@@H]1[C@H]2CCC[C@H]2CN1C(=O)[C@@H](NC(=O)[C@@H](NC(=O)c1cnccn1)C1CCCCC1)C(C)(C)C)C(=O)C(=O)NC1CC1,-5.3899999,1,-5.3899999,-5.3899999,,-5.3899999,-5.3899999,0.0
CCCc1cc(=O)[nH]c(=S)[nH]1,-4.166585700000001,2,-4.166585700000001,-4.166585700000001,0.004828690787366438,-4.1700001,-4.1631713,0.006828800000000079
CCCc1nc(CC)c(C=O)n1Cc1ccc(-c2ccccc2-c2nnn[nH]2)cc1,-5.43000005,2,-5.43000005,-5.43000005,0.07071060740797681,-5.48,-5.3800001,0.09999990000000025
CCCc1nc2c(C)cc(-c3nc4ccccc4n3C)cc2n1Cc1ccc(-c2ccccc2C(=O)O)cc1,-4.790964150000001,2,-4.790964150000001,-4.790964150000001,0.04247724784876021,-4.8210001,-4.7609282,0.06007189999999962
CCCc1nn(C)c2c(=O)[nH]c(-c3cc(S(=O)(=O)N4CCN(C)CC4)ccc3OCC)nc12,-4.33029415,2,-4.33029415,-4.33029415,0.01631316557400745,-4.3418293,-4.318759,0.023070299999999655
CCCc1nn(C)c2c(=O)nc(-c3cc(S(=O)(=O)N4CCN(C)CC4)ccc3OCC)[nH]c12,-4.5100002,1,-4.5100002,-4.5100002,,-4.5100002,-4.5100002,0.0
CCN(CC)CC(=O)Nc1c(C)cccc1C,-4.2849998,3,-4.408332166666667,-4.2849998,0.2810854185179721,-4.73,-4.2099967,0.5200033000000008
CCN(CC)CCCC(C)Nc1ccnc2cc(Cl)ccc12,-4.5500002,1,-4.5500002,-4.5500002,,-4.5500002,-4.5500002,0.0
CCN(CC)CCNC(=O)c1cc(Cl)c(N)cc1OC,-4.6508477,2,-4.6508477,-4.6508477,0.0011986874154676765,-4.6516953,-4.6500001,0.0016952000000003409
CCN(CC)c1ccc2cc(C(=O)NC3(C(=O)N[C@H](Cc4ccccc4)C(=O)NCC4CCN(CC5CCOCC5)CC4)CCCC3)sc2c1,-4.997839,1,-4.997839,-4.997839,,-4.997839,-4.997839,0.0
CCN1CCN(c2cc3c(cc2F)c(=O)c(C(=O)O)cn3C2CC2)CC1C,-4.771172549999999,2,-4.771172549999999,-4.771172549999999,0.0016582361125604863,-4.7723451,-4.77,0.002345100000000322
CCNC(=O)/C=C(/c1ccc2nc(N)n(S(=O)(=O)C(C)C)c2c1)c1cccc(F)c1F,-4.0700002,2,-4.0700002,-4.0700002,0.0,-4.0700002,-4.0700002,0.0
CCO/N=C(\N)c1ccc(-c2ccc(-c3ccc(/C(N)=N/OCC)cc3)o2)cc1,-5.2295737,1,-5.2295737,-5.2295737,,-5.2295737,-5.2295737,0.0
CCOC(=O)C1=C(C)NC(C)=C(C(=O)OC)C1c1cccc(Cl)c1Cl,-4.64049245,2,-4.64049245,-4.64049245,0.0006965708901464479,-4.640985,-4.6399999,0.000985099999999406
CCOC(=O)C1=C(C)NC(C)=C(C(=O)OC)C1c1cccc(N(O)O)c1,-4.6200309,1,-4.6200309,-4.6200309,,-4.6200309,-4.6200309,0.0
CCOC(=O)C1=C(C)NC(C)=C(C(=O)OC)C1c1cccc([N+](=O)[O-])c1,-4.8499999,1,-4.8499999,-4.8499999,,-4.8499999,-4.8499999,0.0
CCOC(=O)C1=C(COCCN)NC(C)=C(C(=O)OC)C1c1ccccc1Cl,-4.6700001,1,-4.6700001,-4.6700001,,-4.6700001,-4.6700001,0.0
CCOC(=O)CCN1CC(=O)N(C)c2ccc(NCc3ccc(C(=N)N)cc3)cc2C1=O,-6.8519359,1,-6.8519359,-6.8519359,,-6.8519359,-6.8519359,0.0
CCOC(=O)CCN1CC(=O)N(C)c2ccc(OCc3ccc(C(=N)N)cc3)cc2C1=O,-6.3682656,1,-6.3682656,-6.3682656,,-6.3682656,-6.3682656,0.0
CCOC(=O)COc1ccc(C(=O)CN2CCN(C3CCN(C(=O)OC(C)OC(=O)C(C)(C)C)CC3)CC2=O)cc1,-4.1399999,1,-4.1399999,-4.1399999,,-4.1399999,-4.1399999,0.0
CCOC(=O)COc1ccc(C(=O)CN2CCN(C3CCN(C(=O)OC(C)OC(C)=O)CC3)CC2=O)cc1,-4.2800002,1,-4.2800002,-4.2800002,,-4.2800002,-4.2800002,0.0
CCOC(=O)COc1ccc(C(=O)CN2CCN(C3CCN(C(=O)OC(OC(=O)C(C)(C)C)C(C)(C)C)CC3)CC2=O)cc1,-4.0,1,-4.0,-4.0,,-4.0,-4.0,0.0
CCOC(=O)COc1ccc(C(=O)CN2CCN(C3CCN(C(=O)OC(OC(C)=O)C(C)(C)C)CC3)CC2=O)cc1,-4.02,1,-4.02,-4.02,,-4.02,-4.02,0.0
CCOC(=O)COc1ccc(C(=O)CN2CCN(C3CCN(C(=O)OCOC(=O)C(C)(C)C)CC3)CC2=O)cc1,-4.2600002,1,-4.2600002,-4.2600002,,-4.2600002,-4.2600002,0.0
CCOC(=O)N1CCC(CN(C2Cc3cc(C#N)ccc3N(Cc3cncn3C)C2)S(=O)(=O)c2ccccn2)CC1,-5.5875134,1,-5.5875134,-5.5875134,,-5.5875134,-5.5875134,0.0
CCOC(=O)NC(=N)c1ccc2[nH]c(Cc3nc4ccccc4[nH]3)nc2c1,-6.1500001,1,-6.1500001,-6.1500001,,-6.1500001,-6.1500001,0.0
CCOC(=O)NC(=N)c1ccc2nc(Cc3nc4ccccc4[nH]3)[nH]c2c1,-6.152451,1,-6.152451,-6.152451,,-6.152451,-6.152451,0.0
CCOC(=O)[C@H](CCc1ccccc1)N[C@@H](C)C(=O)N1CCC[C@H]1C(=O)O,-5.6719999,1,-5.6719999,-5.6719999,,-5.6719999,-5.6719999,0.0
CCOC(=O)[C@H](Cc1ccc(OC(=O)N(C)C)cc1)NC(=O)[C@H]1N(S(=O)(=O)c2cnn(C)c2)CSC1(C)C,-5.3699999,1,-5.3699999,-5.3699999,,-5.3699999,-5.3699999,0.0
CCOC(=O)c1c(Cl)cc(Cl)cc1-c1ccc([C@@H](C)NC(=O)C2(NC(=O)C(F)(F)F)CC2)c(F)c1,-4.6020598,1,-4.6020598,-4.6020598,,-4.6020598,-4.6020598,0.0
CCOC(=O)c1c(Cl)cc(Cl)cc1-c1cnc([C@@H](C)NC(=O)C2(NC(=O)C(F)(F)F)CC2)c(F)c1,-4.6020598,1,-4.6020598,-4.6020598,,-4.6020598,-4.6020598,0.0
CCOC(=O)c1c(Cl)cccc1-c1cnc([C@@H](C)NC(=O)C2(NC(=O)C(F)(F)F)CC2)c(F)c1,-4.5528421,1,-4.5528421,-4.5528421,,-4.5528421,-4.5528421,0.0
CCOC(=O)c1ccc(O)cc1,-4.8102908,1,-4.8102908,-4.8102908,,-4.8102908,-4.8102908,0.0
CCOC(=O)c1ccc2c(C(C(=O)NS(=O)(=O)c3ccc(C)cc3OC)c3ccc4c(c3)OCO4)cn(C)c2c1,-4.6994848,1,-4.6994848,-4.6994848,,-4.6994848,-4.6994848,0.0
CCOCC(COCC)OC(=O)COc1ccc(C(=O)CN2CCN(C3CCN(C(=O)OC(C)OC(C)=O)CC3)CC2=O)cc1,-4.1500001,1,-4.1500001,-4.1500001,,-4.1500001,-4.1500001,0.0
CCOP(=O)(OCC)Oc1ccc(N(O)O)cc1,-4.6900001,1,-4.6900001,-4.6900001,,-4.6900001,-4.6900001,0.0
CCO[C@H](CCC(C)(C)O)[C@](C)(O)[C@H]1CC[C@@]2(O)C3=CC(=O)[C@@H]4C[C@@H](O)[C@@H](O)C[C@@]4(C)C3CC[C@]12C,-4.8600001,1,-4.8600001,-4.8600001,,-4.8600001,-4.8600001,0.0
CCOc1cccc(NC(=O)OCCN2CCCC2)c1,-4.5500002,1,-4.5500002,-4.5500002,,-4.5500002,-4.5500002,0.0
CCOc1cccc(NC(=O)OCC[NH+]2CCCC2)c1.[Cl-],-4.55142115,2,-4.55142115,-4.55142115,0.002009526761454016,-4.5528421,-4.5500002,0.002841899999999953
CCOc1ccccc1OCC1CNCCO1,-4.3899999,1,-4.3899999,-4.3899999,,-4.3899999,-4.3899999,0.0
CCS(=O)(=O)CCn1c(N(O)O)cnc1C,-4.52,1,-4.52,-4.52,,-4.52,-4.52,0.0
CC[C@@H]1C2CCCCN3CCC(C23)[C@H]2[C@@H]1OC(=O)[C@H]2C,-4.9198675,1,-4.9198675,-4.9198675,,-4.9198675,-4.9198675,0.0
CC[C@@H]1OC(=O)[C@@H](C)[C@H](O[C@@H]2C[C@](C)(OC)[C@H](O)[C@@H](C)O2)[C@H](C)[C@H](O[C@@H]2O[C@H](C)C[C@H](N(C)C)[C@H]2O)[C@@](C)(O)C[C@@H](C)/C(=N\OCOCCOC)[C@H](C)[C@@H](O)[C@@]1(C)O,-5.7397189,1,-5.7397189,-5.7397189,,-5.7397189,-5.7397189,0.0
CC[C@@H]1OC(=O)[C@@H](C)[C@H](O[C@H]2C[C@](C)(OC)[C@@H](O)[C@H](C)O2)[C@@H](C)[C@@H](O[C@H]2O[C@H](C)C[C@@H](N(C)C)[C@H]2O)[C@@](C)(O)C[C@@H](C)C(=O)[C@H](C)[C@@H](O)[C@@]1(C)O,-5.7800002,1,-5.7800002,-5.7800002,,-5.7800002,-5.7800002,0.0
CC[C@@]1(O)C(=O)OCc2c1cc1n(c2=O)Cc2cc3c(N(O)O)cccc3nc2-1,-5.1985431,1,-5.1985431,-5.1985431,,-5.1985431,-5.1985431,0.0
CC[C@@]1(O)C(=O)OCc2c1cc1n(c2=O)Cc2cc3ccccc3nc2-1,-4.1100001,1,-4.1100001,-4.1100001,,-4.1100001,-4.1100001,0.0
CC[C@H](C)C(=O)O[C@H]1C[C@H](O)C=C2C=C[C@H](C)[C@H](CC[C@@H](O)C[C@@H](O)CC(=O)O)[C@H]21,-5.8400002,1,-5.8400002,-5.8400002,,-5.8400002,-5.8400002,0.0
CC[C@H](C)[C@H](N)C(=O)O[C@@H]1C[C@@H](n2cc(F)c(=O)[nH]c2=O)O[C@H]1CO,-5.5599999,1,-5.5599999,-5.5599999,,-5.5599999,-5.5599999,0.0
CC[C@H]1CN2CCc3cc(OC)c(OC)cc3[C@@H]2C[C@@H]1C[C@H]1NCCc2cc(OC)c(OC)cc21,-5.6900001,1,-5.6900001,-5.6900001,,-5.6900001,-5.6900001,0.0
CC[C@H]1OC(=O)[C@H](C)[C@@H](O[C@H]2C[C@@](C)(OC)[C@@H](O)[C@H](C)O2)[C@H](C)[C@@H](O[C@@H]2O[C@H](C)C[C@H](N(C)C)[C@H]2O)[C@](C)(O)C[C@@H](C)C(=O)[C@H](C)[C@@H](O)[C@]1(C)O,-5.6451256,2,-5.6451256,-5.6451256,0.304233823976362,-5.8602514,-5.4299998,0.43025160000000007
CC[C@H]1OC(=O)[C@H](C)[C@@H](O[C@H]2C[C@@](C)(OC)[C@@H](O)[C@H](C)O2)[C@H](C)[C@@H](O[C@@H]2O[C@H](C)C[C@H](N(C)C)[C@H]2O)[C@](C)(OC)C[C@@H](C)C(=O)[C@H](C)[C@@H](O)[C@]1(C)O,-5.4699998,1,-5.4699998,-5.4699998,,-5.4699998,-5.4699998,0.0
CC[C@H]1[C@@H]2C[C@@H]3[C@@H]4N(C)c5ccccc5[C@]45C[C@@H](C2[C@@H]5O)N3[C@@H]1O,-4.9387093,1,-4.9387093,-4.9387093,,-4.9387093,-4.9387093,0.0
CC[C@]1(O)C(=O)OCc2c1cc1n(c2=O)-c2cc3ccccc3nc2C1,-4.3318486,1,-4.3318486,-4.3318486,,-4.3318486,-4.3318486,0.0
CC[C@]1(O)C[C@@H]2CN(CCc3c([nH]c4ccccc34)[C@@](C(=O)OC)(c3cc4c(cc3OC)N(C)[C@H]3[C@@](O)(C(=O)OC)[C@H](OC(C)=O)[C@]5(CC)C=CCN6CC[C@]43[C@@H]65)C2)C1,-5.48,1,-5.48,-5.48,,-5.48,-5.48,0.0
CC[C@]1(O)C[C@H]2CN(CCc3c([nH]c4ccccc34)[C@@](C(=O)OC)(c3cc4c(cc3OC)N(C)[C@@H]3[C@]45CCN4CC=C[C@@](CC)(C[C@@]36OC(=O)N(CCCl)C6=O)[C@H]45)C2)C1,-4.8616409,1,-4.8616409,-4.8616409,,-4.8616409,-4.8616409,0.0
CCc1cc(C(N)=S)ccn1,-4.4000001,1,-4.4000001,-4.4000001,,-4.4000001,-4.4000001,0.0
CCc1ccc(NC(=O)c2ccnn2CCc2ccncc2)cc1,-5.0116143,1,-5.0116143,-5.0116143,,-5.0116143,-5.0116143,0.0
CCc1ccncc1,-3.9723473,1,-3.9723473,-3.9723473,,-3.9723473,-3.9723473,0.0
CCc1nc(N)nc(N)c1-c1ccc(Cl)cc1,-4.23,1,-4.23,-4.23,,-4.23,-4.23,0.0
CCc1oc(O)c(Cc2c(O)c(CC=C(C)C)c(O)c(C(C)=O)c2O)c(=O)c1C,-4.71,1,-4.71,-4.71,,-4.71,-4.71,0.0
CCn1cc(C(=O)O)c(=O)c2cc(F)c(N3CCN(C)CC3)cc21,-4.5999999,3,-4.6006865333333335,-4.5999999,0.0011892838195037762,-4.6020598,-4.5999999,0.0020598999999998924
CCn1cc(C(=O)O)c(=O)c2cc(F)c(N3CCNC(C)C3)c(F)c21,-4.8000002,1,-4.8000002,-4.8000002,,-4.8000002,-4.8000002,0.0
CN(C(=O)[C@H](Cc1ccc(C(=N)N)cc1)NS(=O)(=O)c1ccc2ccccc2c1)C1CCCC1,-6.6989698,1,-6.6989698,-6.6989698,,-6.6989698,-6.6989698,0.0
CN(C(=O)[C@H](Cc1ccc(CN)cc1)NS(=O)(=O)c1ccc2ccccc2c1)C1CCCC1,-4.9586072,1,-4.9586072,-4.9586072,,-4.9586072,-4.9586072,0.0
CN(C)C(=N)N=C(N)N,-5.85770465,2,-5.85770465,-5.85770465,0.48407844346453294,-6.1999998,-5.5154095,0.6845903
CN(C)C(=O)C(CCN1CCC(O)(c2ccc(Cl)cc2)CC1)(c1ccccc1)c1ccccc1,-4.9699998,1,-4.9699998,-4.9699998,,-4.9699998,-4.9699998,0.0
CN(C)C(=O)NS(=O)(=O)n1c(N)nc2ccc(/C(=C/C(N)=O)c3cccc(F)c3)cc21,-4.1700001,2,-4.1700001,-4.1700001,0.0,-4.1700001,-4.1700001,0.0
CN(C)C(=O)NS(=O)(=O)n1c(N)nc2ccc(C(C(N)=O)c3cccc(F)c3)cc21,-4.1700001,1,-4.1700001,-4.1700001,,-4.1700001,-4.1700001,0.0
CN(C)C(=O)OC1N=C(c2ccccc2)c2cc(Cl)ccc2N(C)C1=O,-4.46,1,-4.46,-4.46,,-4.46,-4.46,0.0
CN(C)C(=O)Oc1ccc(C[C@H](NC(=O)[C@H]2N(S(=O)(=O)c3cnn(C)c3)CSC2(C)C)C(=O)OCC(C)(C)C)cc1,-5.3400002,1,-5.3400002,-5.3400002,,-5.3400002,-5.3400002,0.0
CN(C)C(=O)Oc1ccc(C[C@H](NC(=O)[C@H]2N(S(=O)(=O)c3cnn(C)c3)CSC2(C)C)C(=O)OCOC(=O)C(C)(C)C)cc1,-5.5999999,1,-5.5999999,-5.5999999,,-5.5999999,-5.5999999,0.0
CN(C)CC/C=C1/c2ccccc2COc2ccc(CC(=O)O)cc21,-5.0100002,1,-5.0100002,-5.0100002,,-5.0100002,-5.0100002,0.0
CN(C)CC/C=C1/c2ccccc2Sc2ccc(Cl)cc21,-4.7399998,1,-4.7399998,-4.7399998,,-4.7399998,-4.7399998,0.0
CN(C)CC1CCCCC1(O)c1cccc(O)c1,-4.7799463,1,-4.7799463,-4.7799463,,-4.7799463,-4.7799463,0.0
CN(C)CCC(c1ccc(Br)cc1)c1ccccn1,-4.702363699999999,2,-4.702363699999999,-4.702363699999999,0.059911601935018204,-4.7447276,-4.6599998,0.08472780000000046
CN(C)CCC(c1ccc(Cl)cc1)c1ccccn1,-4.2800002,1,-4.2800002,-4.2800002,,-4.2800002,-4.2800002,0.0
CN(C)CCC=C1c2ccccc2CCc2ccccc21,-4.0803325,2,-4.0803325,-4.0803325,0.254088498060381,-4.2600002,-3.9006648,0.3593354000000004
CN(C)CCCN1c2ccccc2CCc2ccccc21,-4.8509998,1,-4.8509998,-4.8509998,,-4.8509998,-4.8509998,0.0
CN(C)CCCN1c2ccccc2Sc2ccc(Cl)cc21,-4.906492,2,-4.906492,-4.906492,0.22131310880289048,-5.062984,-4.75,0.31298400000000015
CN(C)CCCN1c2ccccc2Sc2ccccc21,-4.3800001,1,-4.3800001,-4.3800001,,-4.3800001,-4.3800001,0.0
CN(C)CCOC(c1ccccc1)c1ccccc1,-4.27,1,-4.27,-4.27,,-4.27,-4.27,0.0
CN(C)[C@@H]1C(=O)C(C(N)=O)=C(O)[C@@]2(O)C(=O)C3=C(O)c4c(O)ccc(Cl)c4[C@@](C)(O)[C@H]3C[C@@H]12,-6.3200002,1,-6.3200002,-6.3200002,,-6.3200002,-6.3200002,0.0
CN(C)c1ccc(C(=O)NCCCCCNC(=O)CS)cc1,-5.1324477,1,-5.1324477,-5.1324477,,-5.1324477,-5.1324477,0.0
CN(CC(=O)O)C(=O)CN,-4.9000001,1,-4.9000001,-4.9000001,,-4.9000001,-4.9000001,0.0
CN(CCCN1CCC(CN2c3ccccc3Sc3ccc(C(=O)O)cc32)CC1)c1cc(=O)n(C)c(=O)n1C,-5.7209244,1,-5.7209244,-5.7209244,,-5.7209244,-5.7209244,0.0
CN(Cc1cnc2nc(N)nc(N)c2n1)c1ccc(C(=O)N[C@@H](CCC(=O)O)C(=O)O)cc1,-6.25,2,-6.25,-6.25,0.21213217577732013,-6.4000001,-6.0999999,0.3000001999999995
CN(OCCNC(=O)Cc1c(C#N)ccc(NCC(F)(F)c2ccccn2)c1F)C(=N)N,-6.3723636,1,-6.3723636,-6.3723636,,-6.3723636,-6.3723636,0.0
CN/C(=N\CCSCc1nc[nH]c1C)NC#N,-6.0420098,1,-6.0420098,-6.0420098,,-6.0420098,-6.0420098,0.0
CN1/C(=C(\O)Nc2ccccn2)C(=O)c2sccc2S1(=O)=O,-4.88432575,2,-4.88432575,-4.88432575,0.2908675966236271,-5.0900002,-4.6786513,0.41134890000000013
CN1C(=O)CC(N2CCCN(CC/C=C3/c4ccccc4CCc4ccc(C(=O)O)cc43)CC2)N(C)C1=O,-5.1599998,1,-5.1599998,-5.1599998,,-5.1599998,-5.1599998,0.0
CN1C(=O)CC(N2CCCN(CC/C=C3/c4ccccc4CCc4ccc(CC(=O)O)cc43)CC2)N(C)C1=O,-5.3200002,1,-5.3200002,-5.3200002,,-5.3200002,-5.3200002,0.0
CN1C(=O)CC(N2CCCN(CC/C=C3/c4ccccc4COc4ccc(C(=O)O)cc43)CC2)N(C)C1=O,-5.4200001,1,-5.4200001,-5.4200001,,-5.4200001,-5.4200001,0.0
CN1C(=O)CC(N2CCCN(CC/C=C3/c4ccccc4COc4ccc(CC(=O)O)cc43)CC2)N(C)C1=O,-5.4000001,1,-5.4000001,-5.4000001,,-5.4000001,-5.4000001,0.0
CN1C(=O)CC(N2CCCN(CCCN3c4ccccc4CCc4ccc(C(=O)O)cc43)CC2)N(C)C1=O,-5.3600001,1,-5.3600001,-5.3600001,,-5.3600001,-5.3600001,0.0
CN1C(=O)CC(N2CCCN(CCCN3c4ccccc4CCc4ccc(C(C)(C)C(=O)O)cc43)CC2)N(C)C1=O,-5.2450004,1,-5.2450004,-5.2450004,,-5.2450004,-5.2450004,0.0
CN1C(=O)CC(N2CCCN(CCCN3c4ccccc4CCc4ccc(CC(=O)O)cc43)CC2)N(C)C1=O,-5.5900002,1,-5.5900002,-5.5900002,,-5.5900002,-5.5900002,0.0
CN1C(=O)CC(N2CCCN(CCCN3c4ccccc4COc4ccc(C(=O)O)cc43)CC2)N(C)C1=O,-5.5,1,-5.5,-5.5,,-5.5,-5.5,0.0
CN1C(=O)CC(N2CCCN(CCCN3c4ccccc4COc4ccc(CC(=O)O)cc43)CC2)N(C)C1=O,-5.8000002,1,-5.8000002,-5.8000002,,-5.8000002,-5.8000002,0.0
CN1C(=O)CC(N2CCN(CC/C=C3/c4ccccc4CCc4ccc(CC(=O)O)cc43)CC2)N(C)C1=O,-4.8299999,1,-4.8299999,-4.8299999,,-4.8299999,-4.8299999,0.0
CN1C(=O)CC(N2CCN(CC/C=C3/c4ccccc4COc4ccc(C(=O)O)cc43)CC2)N(C)C1=O,-5.0700002,1,-5.0700002,-5.0700002,,-5.0700002,-5.0700002,0.0
CN1C(=O)CC(N2CCN(CC/C=C3/c4ccccc4COc4ccc(CC(=O)O)cc43)CC2)N(C)C1=O,-5.1399999,1,-5.1399999,-5.1399999,,-5.1399999,-5.1399999,0.0
CN1C(=O)CC(N2CCN(CCCN3c4ccccc4COc4ccc(C(=O)O)cc43)CC2)N(C)C1=O,-5.1199999,1,-5.1199999,-5.1199999,,-5.1199999,-5.1199999,0.0
CN1C(=O)CC(N2CCN(CCCN3c4ccccc4COc4ccc(CC(=O)O)cc43)CC2)N(C)C1=O,-5.52,1,-5.52,-5.52,,-5.52,-5.52,0.0
CN1C(=O)CC(N2CCN(CCCN3c4ccccc4Sc4ccc(CC(=O)O)cc43)CC2)N(C)C1=O,-4.9099998,1,-4.9099998,-4.9099998,,-4.9099998,-4.9099998,0.0
CN1C(=O)CN(CCC(=O)O)C(=O)c2cc(NCc3ccc(C(=N)N)cc3)ccc21,-6.4579659,1,-6.4579659,-6.4579659,,-6.4579659,-6.4579659,0.0
CN1C(=O)CN=C(c2ccccc2)c2cc(Cl)ccc21,-4.28191925,4,-4.234572825,-4.28191925,0.23834800128180048,-4.4499998,-3.924453,0.5255467999999994
CN1C(C(=O)Nc2ccccn2)=C(O)c2ccccc2S1(=O)=O,-4.4490995,1,-4.4490995,-4.4490995,,-4.4490995,-4.4490995,0.0
CN1C2CC(OC(=O)C(CO)c3ccccc3)CC1C1OC12,-4.7240591,1,-4.7240591,-4.7240591,,-4.7240591,-4.7240591,0.0
CN1C2CC[C@@H]1CC(OC(c1ccc(Cl)cc1)c1cccc(Cl)c1)C2,-5.5975828,1,-5.5975828,-5.5975828,,-5.5975828,-5.5975828,0.0
CN1C2CC[C@@H]1CC(OC(c1ccccc1)c1ccc(Cl)cc1)C2,-4.9114642,1,-4.9114642,-4.9114642,,-4.9114642,-4.9114642,0.0
CN1C2CC[C@@H]1CC(OC(c1ccccc1)c1cccc(Cl)c1)C2,-4.662271,1,-4.662271,-4.662271,,-4.662271,-4.662271,0.0
CN1CC(=O)NC1=N,-5.9354091,1,-5.9354091,-5.9354091,,-5.9354091,-5.9354091,0.0
CN1CCC(=C2c3ccccc3CC(=O)c3sccc32)CC1,-4.45233845,2,-4.45233845,-4.45233845,0.7037994306389033,-4.9499998,-3.9546771,0.9953226999999996
CN1CCC(c2c[nH]c3ccc(NC(=O)c4ccc(F)cc4)cc23)CC1,-5.3211966,1,-5.3211966,-5.3211966,,-5.3211966,-5.3211966,0.0
CN1CCCC/C=C\[C@@H]2C[C@@]2(C(=O)NS(=O)(=O)C2CC2)NC(=O)[C@@H]2C[C@@H](Oc3nc(-c4ccccc4)nc4ccccc34)C[C@H]2C1=O,-4.6799998,1,-4.6799998,-4.6799998,,-4.6799998,-4.6799998,0.0
CN1CCCC1c1cccnc1,-4.6084766,3,-4.569492166666667,-4.6084766,0.16352325685278915,-4.71,-4.3899999,0.3200000999999997
CN1CCN(C(=O)CCNC(=O)[C@@H](Cc2ccccc2)NC(=O)C2(NC(=O)c3cc4ccccc4s3)CCCC2)CC1,-5.6994848,1,-5.6994848,-5.6994848,,-5.6994848,-5.6994848,0.0
CN1CCN(C2=Nc3cc(Cl)ccc3Nc3ccccc32)CC1,-4.5100002,1,-4.5100002,-4.5100002,,-4.5100002,-4.5100002,0.0
CN1CCN(C2=c3ccccc3=Nc3ccc(Cl)cc3N2)CC1,-4.5100002,1,-4.5100002,-4.5100002,,-4.5100002,-4.5100002,0.0
CN1CCN(Cc2ccc(C(c3nnnn3Cc3ccccc3)N3CCCN(C4CCC4)CC3)cc2)CC1,-6.0999999,1,-6.0999999,-6.0999999,,-6.0999999,-6.0999999,0.0
CN1CCN(c2c(F)cc3c(=O)c(C(=O)O)cn(CCF)c3c2F)CC1,-4.8099742,1,-4.8099742,-4.8099742,,-4.8099742,-4.8099742,0.0
CN1CC[C@]23C(=O)C[C@@H]4C(=CCO[C@H]5CC(=O)N(c6ccccc62)[C@@H]3[C@@H]54)C1,-4.5816798,1,-4.5816798,-4.5816798,,-4.5816798,-4.5816798,0.0
CN1CC[C@]23c4c5ccc(O)c4O[C@H]2[C@@H](O)C=C[C@H]3[C@H]1C5,-5.27499985,2,-5.27499985,-5.27499985,0.24748730270461336,-5.4499998,-5.0999999,0.34999989999999936
CN1C[C@@H]2c3ccccc3Oc3ccc(Cl)cc3[C@H]2C1,-4.73,1,-4.73,-4.73,,-4.73,-4.73,0.0
CN1[C@@H]2CC(OC(=O)[C@H](CO)c3ccccc3)C[C@H]1[C@@H]1O[C@@H]12,-4.928,1,-4.928,-4.928,,-4.928,-4.928,0.0
CN1[C@@H]2CC[C@@H]1CC(OC(=O)C(CO)c1ccccc1)C2,-4.7016673,1,-4.7016673,-4.7016673,,-4.7016673,-4.7016673,0.0
CN1[C@@H]2CC[C@H]1CC(OC(=O)C(CO)c1ccccc1)C2,-4.6999998,1,-4.6999998,-4.6999998,,-4.6999998,-4.6999998,0.0
CN1c2ccccc2C(=O)N2CCc3c([nH]c4ccccc34)C21,-4.632256,1,-4.632256,-4.632256,,-4.632256,-4.632256,0.0
CNC(=N)c1cccc(CC(CC(=O)N2CCC(C(=O)O)CC2)NS(=O)(=O)c2ccc3ccccc3c2)c1,-7.1487603,1,-7.1487603,-7.1487603,,-7.1487603,-7.1487603,0.0
CNC(=N)c1cccc(CC(CC(=O)N2CCC(C)CC2)NS(=O)(=O)c2ccc3ccccc3c2)c1,-6.8503904,1,-6.8503904,-6.8503904,,-6.8503904,-6.8503904,0.0
CNC(=O)/C=C(/c1ccc2nc(N)n(C(C)C)c2c1)c1cccc(F)c1F,-5.2199998,2,-5.2199998,-5.2199998,0.0,-5.2199998,-5.2199998,0.0
CNC(=O)/C=C(/c1ccc2nc(N)n(C3CCCC3)c2c1)c1ccccc1F,-5.1500001,1,-5.1500001,-5.1500001,,-5.1500001,-5.1500001,0.0
CNC(=O)/C=C(/c1ccc2nc(N)n(S(=O)(=O)C(C)C)c2c1)c1cc(F)ccc1F,-4.2600002,2,-4.2600002,-4.2600002,0.0,-4.2600002,-4.2600002,0.0
CNC(=O)/C=C(/c1ccc2nc(N)n(S(=O)(=O)C(C)C)c2c1)c1ccc(F)c(F)c1F,-4.1399999,2,-4.1399999,-4.1399999,0.0,-4.1399999,-4.1399999,0.0
CNC(=O)/C=C(/c1ccc2nc(N)n(S(=O)(=O)C(C)C)c2c1)c1cccc(F)c1F,-4.21,2,-4.21,-4.21,0.0,-4.21,-4.21,0.0
CNC(=O)/C=C(/c1ccc2nc(N)n(S(=O)(=O)C(C)C)c2c1)c1ccccc1-c1cccc2ccccc12,-4.0300002,1,-4.0300002,-4.0300002,,-4.0300002,-4.0300002,0.0
CNC(=O)/C=C(\c1cccc(F)c1)c1ccc2nc(N)n(S(=O)(=O)NC(=O)N(C)C)c2c1,-4.0599999,2,-4.0599999,-4.0599999,0.0,-4.0599999,-4.0599999,0.0
CNC(=O)/C=C(\c1cccc(F)c1)c1ccc2nc(N)n(S(=O)(=O)NC(=O)N3CCCC3)c2c1,-4.0999999,1,-4.0999999,-4.0999999,,-4.0999999,-4.0999999,0.0
CNC(=O)/C=C(\c1cccc(F)c1)c1ccc2nc(N)n(S(=O)(=O)NC(=O)N3CCOCC3)c2c1,-4.3899999,1,-4.3899999,-4.3899999,,-4.3899999,-4.3899999,0.0
CNC(=O)/C=C(\c1ccccc1)c1ccc2nc(N)n(S(=O)(=O)C(C)C)c2c1,-4.1999998,2,-4.1999998,-4.1999998,0.0,-4.1999998,-4.1999998,0.0
CNC(=O)C(c1ccc2nc(N)n(C(C)C)c2c1)c1cccc(F)c1F,-5.0,1,-5.0,-5.0,,-5.0,-5.0,0.0
CNC(=O)C(c1ccc2nc(N)n(C3CCCC3)c2c1)c1ccccc1F,-4.9074507,1,-4.9074507,-4.9074507,,-4.9074507,-4.9074507,0.0
CNC(=O)[C@@H](Cc1ccccc1)NC(=O)[C@@H](C)NC(C)=O,-5.7484403,1,-5.7484403,-5.7484403,,-5.7484403,-5.7484403,0.0
CNC(=O)[C@@H](Cc1ccccc1)NC(=O)[C@@H](CC(C)C)NC(C)=O,-5.2142239,1,-5.2142239,-5.2142239,,-5.2142239,-5.2142239,0.0
CNC(=O)[C@@H](Cc1ccccc1)NC(=O)[C@@H](CC1CCCCC1)NC(C)=O,-5.1413336,1,-5.1413336,-5.1413336,,-5.1413336,-5.1413336,0.0
CNC(=O)[C@@H](Cc1ccccc1)NC(=O)[C@@H](Cc1ccccc1)NC(=O)[C@@H](Cc1ccccc1)NC(C)=O,-5.3800001,1,-5.3800001,-5.3800001,,-5.3800001,-5.3800001,0.0
CNC(=O)[C@@H](Cc1ccccc1)NC(=O)[C@@H](Cc1ccccc1)NC(C)=O,-5.0499268,1,-5.0499268,-5.0499268,,-5.0499268,-5.0499268,0.0
CNC(=O)[C@@H](Cc1ccccc1)NC(=O)[C@H](NC(C)=O)C(C)C,-5.3900242,1,-5.3900242,-5.3900242,,-5.3900242,-5.3900242,0.0
CNC(=O)[C@@H](NC(=O)[C@H](OCc1ccccc1)[C@H](O)[C@@H](O)[C@@H](OCc1ccccc1)C(=O)N[C@H]1c2ccccc2C[C@H]1O)C(C)C,-5.8499999,1,-5.8499999,-5.8499999,,-5.8499999,-5.8499999,0.0
CNC(=O)[C@@H]1Cc2cn(cn2)CC(=O)N2CCC[C@H]2C(=O)N[C@@H](C)C(=O)N1C,-5.8998151,1,-5.8998151,-5.8998151,,-5.8998151,-5.8998151,0.0
CNC(=O)[C@H](Cc1ccccc1)N(C)C(=O)[C@@H](Cc1ccccc1)N(C)C(=O)[C@H](Cc1ccccc1)N(C)C(C)=O,-4.4948897,1,-4.4948897,-4.4948897,,-4.4948897,-4.4948897,0.0
CNC(=O)[C@H](NC(=O)[C@](O)(Cc1ccccc1)CN(Cc1ccc(-c2ccccn2)cc1)NC(=O)[C@H](CC(=O)OC)C(C)(C)C)C(C)(C)C,-5.4699998,1,-5.4699998,-5.4699998,,-5.4699998,-5.4699998,0.0
CNC(=O)[C@H](NC(=O)[C@](O)(Cc1ccccc1)CN(Cc1ccc(Br)cc1)NC(=O)[C@H](CC(=O)OC)C(C)(C)C)C(C)(C)C,-5.5999999,1,-5.5999999,-5.5999999,,-5.5999999,-5.5999999,0.0
CNC(C)C(O)c1ccccc1,-4.9799998,2,-4.9799998,-4.9799998,0.014142135623730649,-4.9899998,-4.9699998,0.019999999999999574
CNC1(c2ccccc2Cl)CCCCC1=O,-4.2600002,1,-4.2600002,-4.2600002,,-4.2600002,-4.2600002,0.0
CNCC(=O)N[C@H](c1cccc(F)c1N1CCN(C(=O)[C@H](C)Cc2ccc(Cl)cc2Cl)CC1)C(C)C,-5.6999998,1,-5.6999998,-5.6999998,,-5.6999998,-5.6999998,0.0
CNCC(O)c1ccc(O)c(O)c1,-6.0188646,1,-6.0188646,-6.0188646,,-6.0188646,-6.0188646,0.0
CNCCC(=O)N[C@H](c1cc(C)ccc1N1CCN(C(=O)[C@H](C)Cc2ccc(Cl)cc2)CC1)C(C)C,-4.9204097,1,-4.9204097,-4.9204097,,-4.9204097,-4.9204097,0.0
CNCCC(Oc1ccc(C(F)(F)F)cc1)c1ccccc1,-4.9299622,1,-4.9299622,-4.9299622,,-4.9299622,-4.9299622,0.0
CNCCC(Oc1ccc(C)cc1)c1ccccc1,-4.5500002,1,-4.5500002,-4.5500002,,-4.5500002,-4.5500002,0.0
CNCCCN1c2ccccc2CCc2ccccc21,-4.614265,2,-4.614265,-4.614265,0.07882133432022058,-4.6700001,-4.5585299,0.1114702000000003
CNCCN[C@H](c1cc(C)ccc1N1CCN(C(=O)[C@H](C)Cc2ccc(Cl)cc2F)CC1)C(C)C,-5.52,1,-5.52,-5.52,,-5.52,-5.52,0.0
CNC[C@H](O)c1ccc(O)c(O)c1,-6.125,1,-6.125,-6.125,,-6.125,-6.125,0.0
CNCc1cnc(C)cc1Oc1ccccc1Oc1ccccc1,-4.8399267,1,-4.8399267,-4.8399267,,-4.8399267,-4.8399267,0.0
CNCc1nnc(-c2ccc(N3C[C@H](CNC(C)=S)OC3=O)cc2F)s1,-4.7697759,1,-4.7697759,-4.7697759,,-4.7697759,-4.7697759,0.0
CNS(=O)(=O)Cc1ccc2[nH]cc(CCN(C)C)c2c1,-5.6828976,1,-5.6828976,-5.6828976,,-5.6828976,-5.6828976,0.0
CNS(=O)(=O)c1ccc(Cl)cc1,-4.186419,1,-4.186419,-4.186419,,-4.186419,-4.186419,0.0
CN[C@@H](C)[C@@H](O)c1ccccc1,-4.9913998,1,-4.9913998,-4.9913998,,-4.9913998,-4.9913998,0.0
CN[C@@H](CCSC)C(=O)NC(=O)[C@H](Cc1ccccc1)NC(=O)CNC(=O)[C@@H](C)NC(=O)[C@@H](N)Cc1ccc(O)cc1,-7.3099999,1,-7.3099999,-7.3099999,,-7.3099999,-7.3099999,0.0
CO,-4.4899998,1,-4.4899998,-4.4899998,,-4.4899998,-4.4899998,0.0
CO/N=C(/C(=O)N[C@@H]1C(=O)N2C(C(=O)O)=C(CSc3nc(=O)c(=O)[nH]n3C)CS[C@H]12)c1csc(N)n1,-6.604713,1,-6.604713,-6.604713,,-6.604713,-6.604713,0.0
CO/N=C(\C(=O)N[C@@H]1C(=O)N2C(C(=O)O)=C(CSc3nc(=O)c(=O)[nH]n3C)CS[C@H]12)c1csc(N)n1,-6.7649999,1,-6.7649999,-6.7649999,,-6.7649999,-6.7649999,0.0
COC(=O)/C=C/CNC(=O)CN1C(=O)[C@@H](COC(=O)Nc2ccc(Cl)cc2C(F)(F)F)N=C(c2ccccc2)c2ccccc21,-5.4200001,1,-5.4200001,-5.4200001,,-5.4200001,-5.4200001,0.0
COC(=O)C(C)NP(=O)(OC[C@@H]1C=C[C@H](n2cc(C)c(=O)[nH]c2=O)O1)Oc1ccc(Br)cc1,-5.6954093,1,-5.6954093,-5.6954093,,-5.6954093,-5.6954093,0.0
COC(=O)C(C)NP(=O)(OC[C@@H]1C=C[C@H](n2cc(C)c(=O)[nH]c2=O)O1)Oc1ccc(C)cc1,-5.8474512,1,-5.8474512,-5.8474512,,-5.8474512,-5.8474512,0.0
COC(=O)C(C)NP(=O)(OC[C@@H]1C=C[C@H](n2cc(C)c(=O)[nH]c2=O)O1)Oc1ccc(Cl)cc1,-5.7328787,1,-5.7328787,-5.7328787,,-5.7328787,-5.7328787,0.0
COC(=O)C(C)NP(=O)(OC[C@@H]1C=C[C@H](n2cc(C)c(=O)[nH]c2=O)O1)Oc1ccc(I)cc1,-5.1300001,1,-5.1300001,-5.1300001,,-5.1300001,-5.1300001,0.0
COC(=O)C(C)NP(=O)(OC[C@@H]1C=C[C@H](n2cc(C)c(=O)[nH]c2=O)O1)Oc1ccc(OC)cc1,-5.9819288,1,-5.9819288,-5.9819288,,-5.9819288,-5.9819288,0.0
COC(=O)C1=C(C)NC(C)=C(C(=O)OC(C)C)C1c1cccc2nonc12,-4.0522659,2,-4.0522659,-4.0522659,0.003204183668268303,-4.0545316,-4.0500002,0.004531399999999408
COC(=O)C1=C(C)NC(C)=C(C(=O)OC)C1c1ccccc1N(O)O,-4.3319983,1,-4.3319983,-4.3319983,,-4.3319983,-4.3319983,0.0
COC(=O)C1=C(C)NC(C)=C(C(=O)OCC(C)C)C1c1ccccc1N(O)O,-4.6999998,1,-4.6999998,-4.6999998,,-4.6999998,-4.6999998,0.0
COC(=O)C1=C(C)NC(C)=C(C(=O)OCCN(C)Cc2ccccc2)C1c1cccc(N(O)O)c1,-4.9305754,1,-4.9305754,-4.9305754,,-4.9305754,-4.9305754,0.0
COC(=O)C1=CO[C@@H](C)[C@H]2CN3CCc4c([nH]c5ccccc45)[C@@H]3C[C@@H]12,-4.8187928,1,-4.8187928,-4.8187928,,-4.8187928,-4.8187928,0.0
COC(=O)C1C(O)CCC2CN3CCc4c([nH]c5ccccc45)C3CC21,-4.8099999,1,-4.8099999,-4.8099999,,-4.8099999,-4.8099999,0.0
COC(=O)C1CCCCN1C(=O)CC(Cc1cccc(C(=N)N)c1)NS(=O)(=O)c1ccc2ccccc2c1,-7.1178856,1,-7.1178856,-7.1178856,,-7.1178856,-7.1178856,0.0
COC(=O)C1CCN(C(=O)CC(Cc2cccc(C(=N)N)c2)NS(=O)(=O)c2ccc3ccccc3c2)CC1,-7.0912943,1,-7.0912943,-7.0912943,,-7.0912943,-7.0912943,0.0
COC(=O)C[C@@H](C(=O)NN(Cc1ccc(/C=C\c2ccccc2)cc1)C[C@@](O)(Cc1ccccc1)C(=O)NC1c2ccccc2C[C@H]1O)C(C)(C)C,-5.0799999,1,-5.0799999,-5.0799999,,-5.0799999,-5.0799999,0.0
COC(=O)C[C@@H](C(=O)NN(Cc1ccc(Br)cc1)C[C@@](O)(Cc1ccccc1)C(=O)NC1CCOC1)C(C)(C)C,-4.9699998,1,-4.9699998,-4.9699998,,-4.9699998,-4.9699998,0.0
COC(=O)Nc1nc2ccc(C(=O)c3ccccc3)cc2[nH]1,-4.5100002,1,-4.5100002,-4.5100002,,-4.5100002,-4.5100002,0.0
COC(=O)Nc1nc2ccccc2[nH]1,-4.1011863,1,-4.1011863,-4.1011863,,-4.1011863,-4.1011863,0.0
COC(=O)[C@@H]1[C@@H]2C[C@@H]3c4[nH]c5ccccc5c4CCN3C[C@H]2CC[C@H]1O,-4.7298937,1,-4.7298937,-4.7298937,,-4.7298937,-4.7298937,0.0
COC(=O)[C@H](N)CCCCNC(=S)Nc1ccc2c(c1)C(=O)OC21c2ccc(O)cc2Oc2cc(O)ccc21,-5.8313413,1,-5.8313413,-5.8313413,,-5.8313413,-5.8313413,0.0
COC(=O)[C@H]1[C@@H]2C[C@@H]3c4[nH]c5ccccc5c4CCN3C[C@H]2CC[C@H]1O,-4.8124795,1,-4.8124795,-4.8124795,,-4.8124795,-4.8124795,0.0
COC(=O)[C@H]1[C@H]2C[C@@H]3c4[nH]c5cc(OC)ccc5c4CCN3C[C@H]2C[C@@H](OC(=O)c2cc(OC)c(OC)c(OC)c2)[C@@H]1OC,-5.3699999,1,-5.3699999,-5.3699999,,-5.3699999,-5.3699999,0.0
COC(=O)c1c(Cl)cc(Cl)cc1-c1ccc([C@@H](C)NC(=O)C2(NC(=O)C(F)(F)F)CC2)c(F)c1,-4.7447276,1,-4.7447276,-4.7447276,,-4.7447276,-4.7447276,0.0
COC(=O)c1c(Cl)cc(Cl)cc1-c1cnc([C@@H](C)NC(=O)C2(NC(=O)C(F)(F)F)CC2)c(F)c1,-4.5376019,1,-4.5376019,-4.5376019,,-4.5376019,-4.5376019,0.0
COC(=O)c1c(Cl)cccc1-c1ccc([C@@H](C)NC(=O)C2(NC(=O)C(F)(F)F)CC2)c(F)c1,-4.4685211,1,-4.4685211,-4.4685211,,-4.4685211,-4.4685211,0.0
COC(=O)c1c(Cl)cccc1-c1cnc([C@@H](C)NC(=O)C2(NC(=O)C(F)(F)F)CC2)c(F)c1,-4.6020598,1,-4.6020598,-4.6020598,,-4.6020598,-4.6020598,0.0
COC(=O)c1c(F)cc(Cl)cc1-c1ccc([C@@H](C)NC(=O)C2(NC(=O)C(F)(F)F)CC2)c(F)c1,-4.5686364,1,-4.5686364,-4.5686364,,-4.5686364,-4.5686364,0.0
COC(=O)c1cc(O)c(O)c(O)c1,-5.3899999,1,-5.3899999,-5.3899999,,-5.3899999,-5.3899999,0.0
COC(=O)c1cc(OC)c2c(c1-c1c(C(=O)OC)cc(OC)c3c1OCO3)OCO2,-4.1687455,1,-4.1687455,-4.1687455,,-4.1687455,-4.1687455,0.0
COC(=O)c1cc(OC)c2c(c1-c1c(CO)cc(OC)c3c1OCO3)OCO2,-4.7979398,1,-4.7979398,-4.7979398,,-4.7979398,-4.7979398,0.0
COC(=O)c1ccc(O)cc1,-4.46,1,-4.46,-4.46,,-4.46,-4.46,0.0
COC(=O)c1ccccc1-c1c2ccc(=N)cc-2oc2cc(N)ccc12,-5.9411516,1,-5.9411516,-5.9411516,,-5.9411516,-5.9411516,0.0
COC(C)(C)CC[C@@H](O)[C@](C)(O)[C@H]1CC[C@@]2(O)C3=CC(=O)[C@@H]4C[C@@H](O)[C@@H](O)C[C@@]4(C)C3CC[C@]12C,-4.7600002,1,-4.7600002,-4.7600002,,-4.7600002,-4.7600002,0.0
COC1=CC(=O)C[C@@H](C)[C@]12Oc1c(Cl)c(OC)cc(OC)c1C2=O,-4.3527815499999996,2,-4.3527815499999996,-4.3527815499999996,0.06677711380559144,-4.4000001,-4.305563,0.0944370999999995
COC1CC(OC2CCC3(C=O)C4CCC5(C)C(C6=CC(=O)OC6)CCC5(O)C4CCC3(O)C2)OC(C)C1O,-5.5799999,1,-5.5799999,-5.5799999,,-5.5799999,-5.5799999,0.0
COCC(=O)O[C@]1(CCN(C)CCCc2nc3ccccc3[nH]2)CCc2cc(F)ccc2[C@@H]1C(C)C,-4.9674999500000006,2,-4.9674999500000006,-4.9674999500000006,0.01767774024034194,-4.98,-4.9549999,0.025000100000000636
COCCCOc1ccc(-c2nccc(-c3cc4c([nH]3)C3(CCCNC3)CNC4=O)n2)cn1,-5.3800001,1,-5.3800001,-5.3800001,,-5.3800001,-5.3800001,0.0
COCCNC(=O)[C@H](NC(=O)[C@](O)(Cc1ccccc1)CN(Cc1ccc(Br)cc1)NC(=O)[C@H](CC(=O)OC)C(C)(C)C)C(C)C,-5.3200002,1,-5.3200002,-5.3200002,,-5.3200002,-5.3200002,0.0
COCCOCCOC(=O)[C@H](Cc1ccc(OC(=O)N(C)C)cc1)NC(=O)[C@H]1N(S(=O)(=O)c2cnn(C)c2)CSC1(C)C,-5.6900001,1,-5.6900001,-5.6900001,,-5.6900001,-5.6900001,0.0
COCCOCCOCC(=O)Nc1ccc(S(=O)(=O)Nc2nncs2)cc1,-6.2399998,1,-6.2399998,-6.2399998,,-6.2399998,-6.2399998,0.0
COCCOc1ccc(N2CCN(CCn3ncc4c3nc(N)n3nc(-c5ccco5)nc43)CC2)cc1,-5.3499999,1,-5.3499999,-5.3499999,,-5.3499999,-5.3499999,0.0
COCCc1ccc(OCC(O)CNC(C)C)cc1,-4.3493013,1,-4.3493013,-4.3493013,,-4.3493013,-4.3493013,0.0
COCCn1cc(C(C(=O)NS(=O)(=O)c2ccc(C)cc2OC)c2ccc3c(c2)OCO3)c2ccc(COC)cc21,-5.7979398,1,-5.7979398,-5.7979398,,-5.7979398,-5.7979398,0.0
COCCn1cc(C(C(=O)NS(=O)(=O)c2ccc(C)cc2OC)c2ccc3c(c2)OCO3)c2ccc(F)cc21,-5.720623,1,-5.720623,-5.720623,,-5.720623,-5.720623,0.0
COCN1C(=O)N(COC)C(=O)C(c2ccccc2)(c2ccccc2)C1=O,-4.4499998,1,-4.4499998,-4.4499998,,-4.4499998,-4.4499998,0.0
COCN1C(=O)NC(=O)C(c2ccccc2)(c2ccccc2)C1=O,-4.5,1,-4.5,-4.5,,-4.5,-4.5,0.0
COCc1c(C(C)C)nc(C(C)C)c(/C=C/[C@@H](O)C[C@@H](O)CC(=O)O)c1-c1ccc(F)cc1,-5.27,1,-5.27,-5.27,,-5.27,-5.27,0.0
COCc1ccc2c(C(C(=O)NS(=O)(=O)c3ccc(C)cc3OC)c3ccc4c(c3)OCO4)cn(C)c2c1,-5.3005152,1,-5.3005152,-5.3005152,,-5.3005152,-5.3005152,0.0
CON=C(C(=O)NC1C(=O)N2C(C(=O)O)=C(COC(N)=O)CSC12)c1ccco1,-6.29,1,-6.29,-6.29,,-6.29,-6.29,0.0
CO[C@@H]1C=CO[C@@]2(C)Oc3c(C)c(O)c4c(c3C2=O)C(=O)/C(=C\NN2CCN(C)CC2)C(=C4O)NC(=O)C(C)=CC=C[C@@H](C)[C@H](O)[C@H](C)[C@H](O)[C@@H](C)[C@@H](OC(C)=O)[C@@H]1C,-5.399786,1,-5.399786,-5.399786,,-5.399786,-5.399786,0.0
CO[C@@H]1C[C@H]2C(=O)C=C3C(CC[C@]4(C)[C@@H]([C@@](C)(O)[C@@H](CCC(C)C)OC)CC[C@@]34O)[C@]2(C)C[C@@H]1O,-4.5380535,1,-4.5380535,-4.5380535,,-4.5380535,-4.5380535,0.0
CO[C@H](CCC(C)(C)O)[C@](C)(O)[C@H]1CC[C@@]2(O)C3=CC(=O)[C@@H]4C[C@@H](O)[C@@H](O)C[C@@]4(C)C3CC[C@]12C,-4.79,1,-4.79,-4.79,,-4.79,-4.79,0.0
CO[C@H](CCC(C)C)[C@](C)(O)[C@H]1CC[C@@]2(O)C3=CC(=O)[C@@H]4C[C@@H](O)[C@@H](O)C[C@@]4(C)C3CC[C@]12C,-4.5799999,1,-4.5799999,-4.5799999,,-4.5799999,-4.5799999,0.0
CO[C@H]1/C=C/O[C@@]2(C)Oc3c(C)c(O)c4c(c3C2=O)C2=NC3(CCN(CC(C)C)CC3)NC2=C(NC(=O)/C(C)=C\C=C\[C@H](C)[C@H](O)[C@@H](C)[C@@H](O)[C@@H](C)[C@H](OC(C)=O)[C@@H]1C)C4=O,-5.02,2,-5.02,-5.02,0.0,-5.02,-5.02,0.0
CO[C@H]1C[C@@H]2CC[C@@H](C)[C@@](O)(O2)C(=O)C(=O)N2CCCC3[C@H]2C(=O)O[C@@H](CC(=O)[C@H](C)/C=C(\C)[C@@H](O)[C@@H](OC)C(=O)[C@H](C)CC[C@H](C)/C=C/C=C/C=C/1C)[C@H]3C[C@@H]1CC[C@@H](OCCO)[C@H](OC)C1,-4.6300001,1,-4.6300001,-4.6300001,,-4.6300001,-4.6300001,0.0
CO[C@H]1C[C@@H]2CC[C@@H](C)[C@@](O)(O2)C(=O)C(=O)N2CCCC[C@H]2C(=O)O[C@H]([C@H](C)C[C@@H]2CC[C@@H](O)[C@H](OC)C2)CC(=O)[C@H](C)/C=C(\C)[C@@H](O)[C@@H](OC)C(=O)[C@H](C)C[C@H](C)/C=C/C=C/C=C/1C,-4.96,1,-4.96,-4.96,,-4.96,-4.96,0.0
CO[C@H]1C[C@H](O[C@H]2CC[C@]3(C=O)[C@H]4CC[C@]5(C)[C@@H](C6=CC(=O)OC6)CC[C@]5(O)[C@@H]4CC[C@]3(O)C2)O[C@H](C)[C@H]1O,-5.6999998,1,-5.6999998,-5.6999998,,-5.6999998,-5.6999998,0.0
CO[C@H]1C[C@]2(C)C3CC[C@]4(C)[C@@H]([C@@](C)(O)[C@H](O)CCC(C)C)CC[C@@]4(O)C3=CC(=O)[C@@H]2C[C@H]1O,-4.6999998,1,-4.6999998,-4.6999998,,-4.6999998,-4.6999998,0.0
COc1c(O)cc(O)c2c(=O)cc(-c3ccccc3)oc12,-4.63112805,2,-4.63112805,-4.63112805,0.0015951621876785596,-4.632256,-4.6300001,0.0022558999999997553
COc1c(O)cc2oc(-c3ccc(O)cc3)cc(=O)c2c1O,-5.1799998,2,-5.1799998,-5.1799998,0.0,-5.1799998,-5.1799998,0.0
COc1c2ccoc2c(OCC2OC2(C)C)c2oc(=O)ccc12,-4.3000002,1,-4.3000002,-4.3000002,,-4.3000002,-4.3000002,0.0
COc1cc(-c2cc(=O)c3c(O)cc(O)cc3o2)cc(O)c1O,-6.0,2,-6.0,-6.0,0.0,-6.0,-6.0,0.0
COc1cc(-c2cc(=O)c3c(O)cc(O)cc3o2)cc(O)c1OC,-4.9499998,1,-4.9499998,-4.9499998,,-4.9499998,-4.9499998,0.0
COc1cc(-c2cc(=O)c3c(O)cc(O)cc3o2)cc(OC)c1OC,-5.0999999,2,-5.0999999,-5.0999999,0.0,-5.0999999,-5.0999999,0.0
COc1cc(-c2oc3cc(O)cc(O)c3c(=O)c2OC2O[C@H](CO[C@H]3O[C@H](C)[C@@H](O)[C@H](O)[C@@H]3O)[C@@H](O)[C@H](O)[C@H]2O)ccc1O,-6.5388007,1,-6.5388007,-6.5388007,,-6.5388007,-6.5388007,0.0
COc1cc(-c2oc3cc(O)cc(O)c3c(=O)c2O[C@@H]2O[C@H](CO[C@@H]3O[C@@H](C)[C@H](O)[C@@H](O)[C@H]3O)[C@@H](O)[C@H](O)[C@H]2O)ccc1O,-6.54,1,-6.54,-6.54,,-6.54,-6.54,0.0
COc1cc(C(=O)N2CC[C@](CCN3CCC(C(=O)N4CCN(C)CC4)(c4cccnc4)CC3)(c3ccc(Cl)c(Cl)c3)C2)cc(OC)c1OC,-5.1382737,1,-5.1382737,-5.1382737,,-5.1382737,-5.1382737,0.0
COc1cc(C(=O)N2CC[C@](CCN3CCC(C(=O)N4CCOCC4)(c4ccccc4)CC3)(c3ccc(Cl)c(Cl)c3)C2)cc(OC)c1OC,-5.0814137,1,-5.0814137,-5.0814137,,-5.0814137,-5.0814137,0.0
COc1cc(C(=O)N2CC[C@](CCN3CCC(C(N)=O)(c4ccccc4)CC3)(c3ccc(Cl)c(Cl)c3)C2)cc(OC)c1OC,-5.4105153,1,-5.4105153,-5.4105153,,-5.4105153,-5.4105153,0.0
COc1cc(C(=O)NCc2ccc(OCCN(C)C)cc2)cc(OC)c1OC,-4.96,1,-4.96,-4.96,,-4.96,-4.96,0.0
COc1cc(C)ccc1S(=O)(=O)NC(=O)C(c1ccc2c(c1)OCO2)c1cn(C)c2cc(C#N)ccc12,-5.1011863,1,-5.1011863,-5.1011863,,-5.1011863,-5.1011863,0.0
COc1cc(C)ccc1S(=O)(=O)NC(=O)C(c1ccc2c(c1)OCO2)c1cn(C)c2cc(C(C)=O)ccc12,-5.8519359,1,-5.8519359,-5.8519359,,-5.8519359,-5.8519359,0.0
COc1cc(C)ccc1S(=O)(=O)NC(=O)C(c1ccc2c(c1)OCO2)c1cn(C)c2cc(F)ccc12,-4.6994848,1,-4.6994848,-4.6994848,,-4.6994848,-4.6994848,0.0
COc1cc(Cc2cnc(N)nc2N)cc(OC)c1OC,-4.352620099999999,2,-4.352620099999999,-4.352620099999999,0.15185811090626666,-4.46,-4.2452402,0.2147598000000004
COc1cc(Cl)ccc1C[C@@H](C)C(=O)N1CCN(c2ccc(Cl)cc2[C@@H](NC(=O)C(C)N)C(C)C)CC1,-5.5214391,1,-5.5214391,-5.5214391,,-5.5214391,-5.5214391,0.0
COc1cc(N)c(Cl)cc1C(=O)NC1CCN(CCCOc2ccc(F)cc2)CC1OC,-4.52,1,-4.52,-4.52,,-4.52,-4.52,0.0
COc1cc(OC)c2c(=O)cc(-c3ccccc3)oc2c1,-4.6313224,1,-4.6313224,-4.6313224,,-4.6313224,-4.6313224,0.0
COc1cc([C@@H]2c3cc4c(cc3[C@@H](OC3OC5COC(c6cccs6)OC5C(O)C3O)[C@H]3COC(=O)[C@H]23)OCO4)cc(OC)c1O,-6.0500002,1,-6.0500002,-6.0500002,,-6.0500002,-6.0500002,0.0
COc1cc([C@@H]2c3cc4c(cc3[C@@H](O[C@@H]3O[C@@H]5CO[C@@H](C)O[C@H]5[C@H](O)[C@H]3O)[C@H]3COC(=O)[C@H]23)OCO4)cc(OC)c1O,-6.14999985,2,-6.14999985,-6.14999985,3.5355339001465574e-07,-6.1500001,-6.1499996,4.999999996257998e-07
COc1cc2c(c(OC)c1OC)-c1c(cc3c(c1OC)OCO3)C[C@H](C)[C@@](C)(O)C2,-4.5693183,1,-4.5693183,-4.5693183,,-4.5693183,-4.5693183,0.0
COc1cc2c(cc1OC)C1CC(O)C(CC(C)C)CN1CC2,-4.5986857,1,-4.5986857,-4.5986857,,-4.5986857,-4.5986857,0.0
COc1cc2c(cc1OC)[C@H]1C[C@H](O)[C@@H](CC(C)C)CN1CC2,-4.6799998,1,-4.6799998,-4.6799998,,-4.6799998,-4.6799998,0.0
COc1cc2c(cc1OC)[C@]13CCN4CC5=CCO[C@@H]6CC(=O)N2[C@@H]1[C@@H]6[C@@H]5C[C@@H]43,-4.7786422,1,-4.7786422,-4.7786422,,-4.7786422,-4.7786422,0.0
COc1cc2c(cc1OC)[C@]13CC[N+]4([O-])CC5=CCO[C@@H]6CC(=O)N2[C@@H]1[C@@H]6[C@@H]5C[C@H]34,-5.46,1,-5.46,-5.46,,-5.46,-5.46,0.0
COc1cc2nc(N(C)CCCNC(=O)C3CCCO3)nc(N)c2cc1OC,-5.6399999,1,-5.6399999,-5.6399999,,-5.6399999,-5.6399999,0.0
COc1cc2nc(N3CCN(C(=O)C4CCCO4)CC3)nc(N)c2cc1OC,-4.6100001,1,-4.6100001,-4.6100001,,-4.6100001,-4.6100001,0.0
COc1cc2nc(N3CCN(C(=O)c4ccco4)CC3)nc(N)c2cc1OC,-4.987,1,-4.987,-4.987,,-4.987,-4.987,0.0
COc1cc2nc(N3CCN(C(=O)c4occc4Cl)CC3)nc(N)c2cc1OC,-4.8899999,1,-4.8899999,-4.8899999,,-4.8899999,-4.8899999,0.0
COc1cc2ncnc(Nc3ccc(F)c(Cl)c3)c2cc1OCCCN1CCOCC1,-4.48,1,-4.48,-4.48,,-4.48,-4.48,0.0
COc1cc2oc(-c3ccc(O)c(O)c3)c(OC)c(=O)c2c(O)c1OC,-5.0900002,2,-5.0900002,-5.0900002,0.0,-5.0900002,-5.0900002,0.0
COc1ccc(-c2cc(=O)c3c(O)cc(O)cc3o2)cc1,-4.8411663,2,-4.8411663,-4.8411663,0.0016491144350830353,-4.8423324,-4.8400002,0.0023321999999996734
COc1ccc(-c2cc(=O)c3c(O)cc(OC4O[C@H](CO[C@@H]5OC[C@@H](O)[C@H](O)[C@H]5O)[C@@H](O)[C@H](O)[C@H]4O)cc3o2)cc1O,-6.1599998,1,-6.1599998,-6.1599998,,-6.1599998,-6.1599998,0.0
COc1ccc(-c2cc(=O)c3c(O)cc(O[C@@H]4O[C@H](CO)[C@@H](O)[C@H](O)[C@H]4O)cc3o2)cc1O,-6.9204097,1,-6.9204097,-6.9204097,,-6.9204097,-6.9204097,0.0
COc1ccc(-c2cc(=O)c3c(OC)c(OC)c(OC)c(OC)c3o2)cc1,-4.5307834,2,-4.5307834,-4.5307834,0.0011076120620504282,-4.5315666,-4.5300002,0.0015663999999997458
COc1ccc(-c2cc(=O)c3c(OC)cc(OC)cc3o2)cc1,-4.5595455,1,-4.5595455,-4.5595455,,-4.5595455,-4.5595455,0.0
COc1ccc(-c2cc(=O)c3ccc(OC)cc3o2)cc1,-4.6010299,1,-4.6010299,-4.6010299,,-4.6010299,-4.6010299,0.0
COc1ccc(-c2coc3cc(O)ccc3c2=O)cc1,-4.5296774,2,-4.5296774,-4.5296774,0.00045650813793428753,-4.5300002,-4.5293546,0.000645600000000357
COc1ccc(-c2nc(O[C@@H]3C[C@H]4C(=O)N[C@]5(C(=O)NS(=O)(=O)C6CC6)C[C@H]5/C=C\CCCCN(C)C(=O)[C@@H]4C3)c3ccc(OC)c(C)c3n2)cc1,-5.0500002,1,-5.0500002,-5.0500002,,-5.0500002,-5.0500002,0.0
COc1ccc(-c2oc3c(CC=C(C)C)c(O)cc(O)c3c(=O)c2O[C@H]2O[C@H](C)[C@@H](O)[C@H](O)[C@@H]2O)cc1,-5.8378239,1,-5.8378239,-5.8378239,,-5.8378239,-5.8378239,0.0
COc1ccc(-c2oc3c(CC=C(C)C)c(O[C@@H]4O[C@H](CO)[C@@H](O)[C@H](O)[C@H]4O)cc(O)c3c(=O)c2O[C@H]2O[C@H](C)[C@@H](O)[C@H](O)[C@@H]2O)cc1,-6.2292061,1,-6.2292061,-6.2292061,,-6.2292061,-6.2292061,0.0
COc1ccc(-c2oc3c(CC=C(C)C)c(O[C@@H]4O[C@H](CO)[C@@H](O)[C@H](O)[C@H]4O)cc(O)c3c(=O)c2O[C@H]2O[C@H](C)[C@@H](O)[C@H](O)[C@@H]2O[C@H]2OC[C@H](O)[C@@H](O)[C@@H]2O)cc1,-6.5595455,1,-6.5595455,-6.5595455,,-6.5595455,-6.5595455,0.0
COc1ccc(-c2oc3c(CC=C(C)C)c(O[C@@H]4O[C@H](CO)[C@@H](O)[C@H](O)[C@H]4O)ccc3c(=O)c2O[C@@H]2O[C@H](CO)[C@@H](O)[C@H](O)[C@H]2O[C@@H]2O[C@@H](C)[C@H](O)[C@@H](O)[C@H]2O)cc1,-6.4910722,1,-6.4910722,-6.4910722,,-6.4910722,-6.4910722,0.0
COc1ccc(-c2oc3cc(O)cc(O)c3c(=O)c2O)cc1,-5.1900001,1,-5.1900001,-5.1900001,,-5.1900001,-5.1900001,0.0
COc1ccc(-c2oc3cc(O)cc(O)c3c(=O)c2O)cc1O,-5.0013065,1,-5.0013065,-5.0013065,,-5.0013065,-5.0013065,0.0
COc1ccc(/C(=C\C(N)=O)c2ccc3nc(N)n(S(=O)(=O)C(C)C)c3c2)cc1F,-4.48,2,-4.48,-4.48,0.0,-4.48,-4.48,0.0
COc1ccc(/C=C/CCO)cc1OC,-4.8428431,1,-4.8428431,-4.8428431,,-4.8428431,-4.8428431,0.0
COc1ccc(CC(C)NCC(O)c2ccc(O)c(NC=O)c2)cc1,-5.6300001,2,-5.6300001,-5.6300001,0.0,-5.6300001,-5.6300001,0.0
COc1ccc(CC2c3cc(OC)c(OC)cc3CCN2C)cc1OC,-4.5497985,1,-4.5497985,-4.5497985,,-4.5497985,-4.5497985,0.0
COc1ccc(CCN(C)CCCC(C#N)(c2ccc(OC)c(OC)c2)C(C)C)cc1OC,-4.5799999,1,-4.5799999,-4.5799999,,-4.5799999,-4.5799999,0.0
COc1ccc(CCN(C)CCC[C@](C#N)(c2ccc(OC)c(OC)c2)C(C)C)cc1OC,-4.9612799,1,-4.9612799,-4.9612799,,-4.9612799,-4.9612799,0.0
COc1ccc(CCN2CCC(Nc3nc4ccccc4n3Cc3ccc(F)cc3)CC2)cc1,-5.1500001,1,-5.1500001,-5.1500001,,-5.1500001,-5.1500001,0.0
COc1ccc(CN(CCN(C)C)c2ccccn2)cc1,-4.6599998,1,-4.6599998,-4.6599998,,-4.6599998,-4.6599998,0.0
COc1ccc(Cc2nccc3cc(OC)c(OC)cc23)cc1OC,-4.451482049999999,2,-4.451482049999999,-4.451482049999999,0.002096218052827232,-4.4529643,-4.4499998,0.0029645000000000366
COc1ccc([C@@H]2CC(=O)c3c(O)cc(O)cc3O2)cc1O,-4.7399998,1,-4.7399998,-4.7399998,,-4.7399998,-4.7399998,0.0
COc1ccc([C@@H]2Sc3ccccc3N(CCN(C)C)C(=O)[C@@H]2OC(C)=O)cc1,-4.4043612,1,-4.4043612,-4.4043612,,-4.4043612,-4.4043612,0.0
COc1ccc2[nH]c(S(=O)Cc3ncc(C)c(OC)c3C)nc2c1,-4.1700001,1,-4.1700001,-4.1700001,,-4.1700001,-4.1700001,0.0
COc1ccc2c(=O)cc(-c3ccccc3)oc2c1,-4.6479459,1,-4.6479459,-4.6479459,,-4.6479459,-4.6479459,0.0
COc1ccc2c(O[C@@H]3CC4C(=O)N[C@]5(C(=O)O)C[C@@H]5/C=C\CCCCC[C@H](NC(=O)OC5CCCC5)C(=O)N4C3)cc(-c3csc(NC(C)C)n3)nc2c1,-5.6599998,1,-5.6599998,-5.6599998,,-5.6599998,-5.6599998,0.0
COc1ccc2c(O[C@@H]3C[C@H]4C(=O)N[C@]5(C(=O)NS(=O)(=O)C6CC6)C[C@H]5/C=C\CCCCCN(C)C(=O)[C@@H]4C3)nc(-c3ccccc3)nc2c1C,-4.5900002,1,-4.5900002,-4.5900002,,-4.5900002,-4.5900002,0.0
COc1ccc2c(O[C@@H]3C[C@H]4C(=O)N[C@]5(C(=O)NS(=O)(=O)C6CC6)C[C@H]5/C=C\CCCCN(C)C(=O)[C@@H]4C3)cc(-c3cccc(C(C)C)n3)nc2c1C,-4.9204097,1,-4.9204097,-4.9204097,,-4.9204097,-4.9204097,0.0
COc1ccc2c(O[C@@H]3C[C@H]4C(=O)N[C@]5(C(=O)NS(=O)(=O)C6CC6)C[C@H]5/C=C\CCCCN(C)C(=O)[C@@H]4C3)cc(-c3nc(C(C)C)cs3)nc2c1,-4.8880281,1,-4.8880281,-4.8880281,,-4.8880281,-4.8880281,0.0
COc1ccc2c(O[C@@H]3C[C@H]4C(=O)N[C@]5(C(=O)NS(=O)(=O)C6CC6)C[C@H]5/C=C\CCCCN(C)C(=O)[C@@H]4C3)cc(-c3nc(C(C)C)cs3)nc2c1C,-5.0778604,1,-5.0778604,-5.0778604,,-5.0778604,-5.0778604,0.0
COc1ccc2c(O[C@@H]3C[C@H]4C(=O)N[C@]5(C(=O)NS(=O)(=O)C6CC6)C[C@H]5/C=C\CCCCN(C)C(=O)[C@@H]4C3)cc(-c3nc(C(C)C)cs3)nc2c1Cl,-5.238286,1,-5.238286,-5.238286,,-5.238286,-5.238286,0.0
COc1ccc2c(O[C@@H]3C[C@H]4C(=O)N[C@]5(C(=O)NS(=O)(=O)C6CC6)C[C@H]5/C=C\CCCCN(C)C(=O)[C@@H]4C3)cc(-n3ccc(C(C)C)n3)nc2c1C,-4.8219547,1,-4.8219547,-4.8219547,,-4.8219547,-4.8219547,0.0
COc1ccc2c(O[C@@H]3C[C@H]4C(=O)N[C@]5(C(=O)NS(=O)(=O)C6CC6)C[C@H]5/C=C\CCCCN(C)C(=O)[C@@H]4C3)nc(-c3ccc(F)cc3)nc2c1,-4.6999998,1,-4.6999998,-4.6999998,,-4.6999998,-4.6999998,0.0
COc1ccc2c(O[C@@H]3C[C@H]4C(=O)N[C@]5(C(=O)NS(=O)(=O)C6CC6)C[C@H]5/C=C\CCCCN(C)C(=O)[C@@H]4C3)nc(-c3ccc(F)cc3)nc2c1C,-4.4899998,1,-4.4899998,-4.4899998,,-4.4899998,-4.4899998,0.0
COc1ccc2c(O[C@@H]3C[C@H]4C(=O)N[C@]5(C(=O)NS(=O)(=O)C6CC6)C[C@H]5/C=C\CCCCN(C)C(=O)[C@@H]4C3)nc(-c3cccc(F)c3)nc2c1C,-5.3000002,1,-5.3000002,-5.3000002,,-5.3000002,-5.3000002,0.0
COc1ccc2c(O[C@@H]3C[C@H]4C(=O)N[C@]5(C(=O)NS(=O)(=O)C6CC6)C[C@H]5/C=C\CCCCN(C)C(=O)[C@@H]4C3)nc(-c3ccccc3)nc2c1,-4.8899999,1,-4.8899999,-4.8899999,,-4.8899999,-4.8899999,0.0
COc1ccc2c(O[C@@H]3C[C@H]4C(=O)N[C@]5(C(=O)NS(=O)(=O)C6CC6)C[C@H]5/C=C\CCCCN(C)C(=O)[C@@H]4C3)nc(-c3ccccc3)nc2c1C,-4.8899999,1,-4.8899999,-4.8899999,,-4.8899999,-4.8899999,0.0
COc1ccc2c(O[C@@H]3C[C@H]4C(=O)N[C@]5(C(=O)NS(=O)(=O)C6CC6)C[C@H]5/C=C\CCCCN(C)C(=O)[C@@H]4C3)nc(-c3nc(C(C)C)cs3)nc2c1,-5.2199998,1,-5.2199998,-5.2199998,,-5.2199998,-5.2199998,0.0
COc1ccc2c(O[C@H]3C[C@H]4C(=O)NCCCCC/C=C\[C@@H]5C[C@@]5(C(=O)NS(=O)(=O)C5CC5)NC(=O)[C@@H]4C3)nc(-c3ccc(F)cc3)nc2c1C,-4.4899998,1,-4.4899998,-4.4899998,,-4.4899998,-4.4899998,0.0
COc1ccc2c(c1)C13CCCCC1C(C2)N(C)CC3,-4.7399998,1,-4.7399998,-4.7399998,,-4.7399998,-4.7399998,0.0
COc1ccc2c(c1)[C@@]13CCCC[C@@H]1[C@@H](C2)N(C)CC3,-4.628932,1,-4.628932,-4.628932,,-4.628932,-4.628932,0.0
COc1ccc2c(c1)[C@]13CCN4CC5=CCO[C@@H]6CC(=O)N2[C@@H]1[C@@H]6[C@@H]5C[C@@H]43,-4.5717444,1,-4.5717444,-4.5717444,,-4.5717444,-4.5717444,0.0
COc1ccc2c(c1)c(CC(=O)O)c(C)n2C(=O)c1ccc(Cl)cc1,-4.6900001,1,-4.6900001,-4.6900001,,-4.6900001,-4.6900001,0.0
COc1ccc2c(c1OC)C[N+]1(Cc3ccc(Cl)cc3)CCc3cc4c(cc3C1C2)OCO4.[Cl-],-6.2314224,1,-6.2314224,-6.2314224,,-6.2314224,-6.2314224,0.0
COc1ccc2c3c1OC1C(O)C=CC4C(C2)N(C)CCC341,-4.2800002,1,-4.2800002,-4.2800002,,-4.2800002,-4.2800002,0.0
COc1ccc2c3c1O[C@H]1[C@@H](O)C=C[C@H]4[C@@H](C2)N(C)CC[C@@]341,-4.0900002,1,-4.0900002,-4.0900002,,-4.0900002,-4.0900002,0.0
COc1ccc2cc(C(=O)NC3(C(=O)N[C@H](Cc4ccccc4)C(=O)NCC4CCN(CC5CCOCC5)CC4)CCCC3)sc2c1,-5.9593034,1,-5.9593034,-5.9593034,,-5.9593034,-5.9593034,0.0
COc1ccc2cc(C(C)C(=O)[O-])ccc2c1.[Na+],-4.3299999,1,-4.3299999,-4.3299999,,-4.3299999,-4.3299999,0.0
COc1ccc2cc([C@H](C)C(=O)O)ccc2c1,-4.6599998,1,-4.6599998,-4.6599998,,-4.6599998,-4.6599998,0.0
COc1ccc2cc1Oc1ccc(cc1)CC1c3c(cc4c(c3Oc3cc5c(cc3OC)CCN(C)C5C2)OCO4)CCN1C,-4.1877432,1,-4.1877432,-4.1877432,,-4.1877432,-4.1877432,0.0
COc1ccc2cc3[n+](cc2c1O)CCc1cc2c(cc1-3)OCO2,-4.8815303,1,-4.8815303,-4.8815303,,-4.8815303,-4.8815303,0.0
COc1ccc2nc(S(=O)Cc3ncc(C)c(OC)c3C)[nH]c2c1,-4.21534825,2,-4.21534825,-4.21534825,0.06314739327640563,-4.2600002,-4.1706963,0.08930389999999999
COc1cccc(-n2c(=O)n(Cc3c(F)cccc3Br)c(=O)n(C[C@H](N)c3ccccc3)c2=O)c1F,-4.8569851,1,-4.8569851,-4.8569851,,-4.8569851,-4.8569851,0.0
COc1cccc(-n2c(=O)n(Cc3ccccc3C#N)c(=O)n(C[C@H](N)c3ccccc3)c2=O)c1F,-4.5917602,1,-4.5917602,-4.5917602,,-4.5917602,-4.5917602,0.0
COc1cccc2c1C(=O)c1c(O)c3c(c(O)c1C2=O)C[C@@](O)(C(C)=O)C[C@@H]3O[C@H]1C[C@H](N)[C@H](O)[C@H](C)O1,-6.0999999,1,-6.0999999,-6.0999999,,-6.0999999,-6.0999999,0.0
COc1cccc2c1C(=O)c1c(O)c3c(c(O)c1C2=O)C[C@](O)(C(=O)CO)C[C@H]3O[C@@H]1C[C@@H](N)[C@@H](O)[C@@H](C)O1,-6.5900002,1,-6.5900002,-6.5900002,,-6.5900002,-6.5900002,0.0
COc1cncc(-c2nccc(-c3cc4c([nH]3)C3(CCCNC3)CNC4=O)n2)c1,-5.6999998,1,-5.6999998,-5.6999998,,-5.6999998,-5.6999998,0.0
COc1cnn(C)c(=O)c1-c1ccc(C[C@@H](CO)NC(=O)c2c(Cl)cccc2Cl)cc1,-5.6010299,1,-5.6010299,-5.6010299,,-5.6010299,-5.6010299,0.0
CS(=O)(=O)N[C@H](Cc1ccccc1)C(=O)N1CCC[C@H]1C(=O)NCC1CCN(C(=N)N)CC1,-6.5611248,1,-6.5611248,-6.5611248,,-6.5611248,-6.5611248,0.0
CS(=O)(=O)Nc1ccc2c(c1)S(=O)(=O)N/C(=C1\C(=O)[C@@H]3[C@H]4CC[C@H](C4)[C@@H]3N(Cc3ccc(F)cc3)C1=O)N2,-5.8899999,1,-5.8899999,-5.8899999,,-5.8899999,-5.8899999,0.0
CS(=O)(=O)Nc1cccc(Cn2cnc3ccccc32)c1,-4.63039205,2,-4.63039205,-4.63039205,0.0005543010057721767,-4.630784,-4.6300001,0.0007839000000000595
CS(=O)(=O)c1ccccc1-c1ccc(NC(=O)c2cc(C(F)(F)F)nn2-c2cccc(CN)c2)c(F)c1,-5.3000002,1,-5.3000002,-5.3000002,,-5.3000002,-5.3000002,0.0
CS(=O)(=O)c1ccccc1-c1ccc(NC(=O)c2cc(C(F)(F)F)nn2-c2cccc(CN)c2)cc1,-5.5,1,-5.5,-5.5,,-5.5,-5.5,0.0
CSCC[C@H](NC(=O)[C@H](Cc1ccccc1)NC(=O)CNC(=O)CNC(=O)[C@@H](N)Cc1ccc(O)cc1)C(=O)O,-7.3800001,1,-7.3800001,-7.3800001,,-7.3800001,-7.3800001,0.0
CSCC[C@H](NC(=O)[C@H](Cc1ccccc1)NC(=O)CNC(=O)[C@@H](C)NC(=O)[C@@H](N)Cc1ccc(O)cc1)C(=O)O,-7.02,1,-7.02,-7.02,,-7.02,-7.02,0.0
CSc1ccc2ncn(/C=C/C(=O)O)c(=O)c2c1,-4.942493649999999,2,-4.942493649999999,-4.942493649999999,0.06011319807833334,-4.9850001,-4.8999872,0.08501289999999972
CSc1nc2cc(C(=O)N3CCC(C)CC3)ccc2[nH]1,-4.5418172,1,-4.5418172,-4.5418172,,-4.5418172,-4.5418172,0.0
C[C@@H](NC(=O)C1(NC(=O)C(F)(F)F)CC1)c1ccc(-c2cc(Cl)cc(Cl)c2-c2nnn(C)n2)cc1F,-4.5528421,1,-4.5528421,-4.5528421,,-4.5528421,-4.5528421,0.0
C[C@@H](NC(=O)C1(NC(=O)C(F)(F)F)CC1)c1ccc(-c2cc(Cl)cc(F)c2-c2nnn(C)n2)cc1F,-4.6382723,1,-4.6382723,-4.6382723,,-4.6382723,-4.6382723,0.0
C[C@@H](NC(=O)C1(NC(=O)C(F)(F)F)CC1)c1ccc(-c2cc(Cl)ccc2-c2nnn(C)n2)cc1F,-4.5528421,1,-4.5528421,-4.5528421,,-4.5528421,-4.5528421,0.0
C[C@@H](O)[C@@H]1NC(=O)[C@H](CCCCN)N(C)C(=O)[C@@H](Cc2c[nH]c3ccccc23)N(C)C(=O)[C@H](Cc2ccccc2)NC(=O)[C@@H]2CCCN2C(=O)[C@H](Cc2ccccc2)NC1=O,-6.7423639,1,-6.7423639,-6.7423639,,-6.7423639,-6.7423639,0.0
C[C@@H](O)[C@@H]1NC(=O)[C@H](CCCCN)N(C)C(=O)[C@@H](Cc2c[nH]c3ccccc23)NC(=O)[C@H](Cc2ccccc2)NC(=O)[C@@H]2CCCN2C(=O)[C@H](Cc2ccccc2)N(C)C1=O,-6.5700002,1,-6.5700002,-6.5700002,,-6.5700002,-6.5700002,0.0
C[C@@H](O)[C@@H]1NC(=O)[C@H](CCCCN)NC(=O)[C@@H](Cc2c[nH]c3ccccc23)N(C)C(=O)[C@H](Cc2ccccc2)NC(=O)[C@@H]2CCCN2C(=O)[C@H](Cc2ccccc2)NC1=O,-6.3989701,1,-6.3989701,-6.3989701,,-6.3989701,-6.3989701,0.0
C[C@@H](O)[C@@H]1NC(=O)[C@H](CCCCN)NC(=O)[C@@H](Cc2c[nH]c3ccccc23)NC(=O)[C@H](Cc2ccccc2)NC(=O)[C@@H]2CCCN2C(=O)[C@H](Cc2ccccc2)N(C)C1=O,-6.3005152,1,-6.3005152,-6.3005152,,-6.3005152,-6.3005152,0.0
C[C@@H](O)[C@@H]1NC(=O)[C@H](CCCCN)NC(=O)[C@@H](Cc2c[nH]c3ccccc23)NC(=O)[C@H](Cc2ccccc2)NC(=O)[C@@H]2CCCN2C(=O)[C@H](Cc2ccccc2)NC1=O,-6.2209244,1,-6.2209244,-6.2209244,,-6.2209244,-6.2209244,0.0
C[C@@H]1C(=O)N(C)[C@@H](C)C(=O)N(C)[C@@H](C)C(=O)N(C)[C@H](C)C(=O)N[C@H](C)C(=O)N(C)[C@@H](C)C(=O)N1C,-5.0999999,1,-5.0999999,-5.0999999,,-5.0999999,-5.0999999,0.0
C[C@@H]1C(=O)N(C)[C@@H](C)C(=O)N(C)[C@H](C)C(=O)N(C)[C@@H](C)C(=O)N(C)[C@@H](C)C(=O)N[C@H](C)C(=O)N1C,-5.3000002,1,-5.3000002,-5.3000002,,-5.3000002,-5.3000002,0.0
C[C@@H]1C(=O)N(C)[C@@H](C)C(=O)N[C@H](C)C(=O)N(C)[C@@H](C)C(=O)N(C)[C@@H](C)C(=O)N(C)[C@H](C)C(=O)N1C,-5.3000002,1,-5.3000002,-5.3000002,,-5.3000002,-5.3000002,0.0
C[C@@H]1C(=O)N[C@H](C)C(=O)N(C)[C@@H](C)C(=O)N[C@H](C)C(=O)N(C)[C@@H](C)C(=O)N(C)[C@@H](C)C(=O)N1C,-4.6999998,1,-4.6999998,-4.6999998,,-4.6999998,-4.6999998,0.0
C[C@@H]1CC[C@H]2[C@@H](C)C(=O)O[C@@H]3O[C@@]4(C)CC[C@@H]1[C@]32OO4,-4.51952005,2,-4.51952005,-4.51952005,0.0006787517992608195,-4.52,-4.5190401,0.0009598999999997915
C[C@@H]1CN(c2c(F)c(N)c3c(=O)c(C(=O)O)cn(C4CC4)c3c2F)C[C@H](C)N1,-4.7784066,1,-4.7784066,-4.7784066,,-4.7784066,-4.7784066,0.0
C[C@@H]1C[C@@H]([C@H](O)CC2CC(=O)NC(=O)C2)C(=O)[C@@H](C)C1,-4.8400002,1,-4.8400002,-4.8400002,,-4.8400002,-4.8400002,0.0
C[C@@H]1C[C@H]2[C@@H]3CCC4=CC(=O)C=C[C@]4(C)[C@@]3(F)[C@@H](O)C[C@]2(C)[C@@]1(O)C(=O)CO,-4.82032845,2,-4.82032845,-4.82032845,0.01367749575781315,-4.8299999,-4.810657,0.01934289999999983
C[C@@H]1C[C@H]2[C@@H]3CCC4=CC(=O)C=C[C@]4(C)[C@@]3(F)[C@@H](O)C[C@]2(C)[C@@]1(O)C(=O)COC1O[C@@H](CC(=O)O)[C@H](O)[C@@H](O)[C@@H]1O,-5.979651,1,-5.979651,-5.979651,,-5.979651,-5.979651,0.0
C[C@@H]1C[C@H]2[C@@H]3CCC4=CC(=O)C=C[C@]4(C)[C@@]3(F)[C@@H](O)C[C@]2(C)[C@@]1(O)C(=O)COC1O[C@@H](CO)[C@H](O)[C@@H](O)[C@@H]1O,-6.3982739,1,-6.3982739,-6.3982739,,-6.3982739,-6.3982739,0.0
C[C@@H]1C[C@H]2[C@@H]3CCC4=CC(=O)C=C[C@]4(C)[C@@]3(F)[C@@H](O)C[C@]2(C)[C@@]1(O)C(=O)CO[C@H]1O[C@@H](C(=O)O)[C@H](O)[C@@H](O)[C@@H]1O,-6.1199999,1,-6.1199999,-6.1199999,,-6.1199999,-6.1199999,0.0
C[C@@H]1C[C@H]2[C@@H]3CCC4=CC(=O)C=C[C@]4(C)[C@@]3(F)[C@@H](O)C[C@]2(C)[C@@]1(O)C(=O)CO[C@H]1O[C@@H](CO)[C@H](O)[C@@H](O)[C@@H]1O,-6.54,1,-6.54,-6.54,,-6.54,-6.54,0.0
C[C@@H]1NC(=O)[C@@H](C)N(C)C(=O)[C@@H](C)N(C)C(=O)[C@H](C)N(C)C(=O)[C@H](C)N(C)C(=O)[C@@H](C)N(C)C1=O,-5.1500001,1,-5.1500001,-5.1500001,,-5.1500001,-5.1500001,0.0
C[C@@H]1NC(=O)[C@@H](C)N(C)C(=O)[C@@H](C)N(C)C(=O)[C@H](C)N(C)C(=O)[C@H](C)NC(=O)[C@@H](C)N(C)C1=O,-5.3000002,1,-5.3000002,-5.3000002,,-5.3000002,-5.3000002,0.0
C[C@@H]1NC(=O)[C@@H](C)N(C)C(=O)[C@@H](C)N(C)C(=O)[C@H](C)NC(=O)[C@H](C)N(C)C(=O)[C@@H](C)NC1=O,-5.8200002,1,-5.8200002,-5.8200002,,-5.8200002,-5.8200002,0.0
C[C@@H]1NC(=O)[C@@H](C)N(C)C(=O)[C@@H](C)NC(=O)[C@H](C)N(C)C(=O)[C@H](C)N(C)C(=O)[C@@H](C)N(C)C1=O,-5.3000002,1,-5.3000002,-5.3000002,,-5.3000002,-5.3000002,0.0
C[C@@H]1NC(=O)[C@@H](C)N(C)C(=O)[C@@H](C)NC(=O)[C@H](C)N(C)C(=O)[C@H](C)N(C)C(=O)[C@@H](C)NC1=O,-5.0,1,-5.0,-5.0,,-5.0,-5.0,0.0
C[C@@H]1NC(=O)[C@@H](C)N(C)C(=O)[C@@H](C)NC(=O)[C@H](C)NC(=O)[C@H](C)N(C)C(=O)[C@@H](C)NC1=O,-5.3000002,1,-5.3000002,-5.3000002,,-5.3000002,-5.3000002,0.0
C[C@@H]1NC(=O)[C@@H](C)N(C)C(=O)[C@H](C)N(C)C(=O)[C@@H](C)N(C)C(=O)[C@@H](C)N(C)C(=O)[C@H](C)N(C)C1=O,-5.3000002,1,-5.3000002,-5.3000002,,-5.3000002,-5.3000002,0.0
C[C@@H]1NC(=O)[C@@H](C)N(C)C(=O)[C@H](C)N(C)C(=O)[C@@H](C)N(C)C(=O)[C@@H](C)N(C)C(=O)[C@H](C)NC1=O,-5.8200002,1,-5.8200002,-5.8200002,,-5.8200002,-5.8200002,0.0
C[C@@H]1NC(=O)[C@@H](C)N(C)C(=O)[C@H](C)N(C)C(=O)[C@@H](C)N(C)C(=O)[C@@H](C)NC(=O)[C@H](C)N(C)C1=O,-5.8200002,1,-5.8200002,-5.8200002,,-5.8200002,-5.8200002,0.0
C[C@@H]1NC(=O)[C@@H](C)N(C)C(=O)[C@H](C)N(C)C(=O)[C@@H](C)NC(=O)[C@@H](C)N(C)C(=O)[C@H](C)N(C)C1=O,-5.0,1,-5.0,-5.0,,-5.0,-5.0,0.0
C[C@@H]1NC(=O)[C@@H](C)N(C)C(=O)[C@H](C)N(C)C(=O)[C@@H](C)NC(=O)[C@@H](C)N(C)C(=O)[C@H](C)NC1=O,-5.8200002,1,-5.8200002,-5.8200002,,-5.8200002,-5.8200002,0.0
C[C@@H]1NC(=O)[C@@H](C)N(C)C(=O)[C@H](C)N(C)C(=O)[C@@H](C)NC(=O)[C@@H](C)NC(=O)[C@H](C)N(C)C1=O,-5.8200002,1,-5.8200002,-5.8200002,,-5.8200002,-5.8200002,0.0
C[C@@H]1NC(=O)[C@@H](C)N(C)C(=O)[C@H](C)NC(=O)[C@@H](C)N(C)C(=O)[C@@H](C)N(C)C(=O)[C@H](C)NC1=O,-5.3000002,1,-5.3000002,-5.3000002,,-5.3000002,-5.3000002,0.0
C[C@@H]1NC(=O)[C@@H](C)N(C)C(=O)[C@H](C)NC(=O)[C@@H](C)NC(=O)[C@@H](C)N(C)C(=O)[C@H](C)NC1=O,-5.3000002,1,-5.3000002,-5.3000002,,-5.3000002,-5.3000002,0.0
C[C@@H]1NC(=O)[C@@H](C)NC(=O)[C@@H](C)N(C)C(=O)[C@H](C)N(C)C(=O)[C@H](C)N(C)C(=O)[C@@H](C)N(C)C1=O,-5.3000002,1,-5.3000002,-5.3000002,,-5.3000002,-5.3000002,0.0
C[C@@H]1NC(=O)[C@@H](C)NC(=O)[C@@H](C)N(C)C(=O)[C@H](C)NC(=O)[C@H](C)N(C)C(=O)[C@@H](C)NC1=O,-5.8200002,1,-5.8200002,-5.8200002,,-5.8200002,-5.8200002,0.0
C[C@@H]1NC(=O)[C@@H](C)NC(=O)[C@@H](C)NC(=O)[C@H](C)N(C)C(=O)[C@H](C)N(C)C(=O)[C@@H](C)N(C)C1=O,-5.8200002,1,-5.8200002,-5.8200002,,-5.8200002,-5.8200002,0.0
C[C@@H]1NC(=O)[C@@H](C)NC(=O)[C@@H](C)NC(=O)[C@H](C)N(C)C(=O)[C@H](C)N(C)C(=O)[C@@H](C)NC1=O,-5.8200002,1,-5.8200002,-5.8200002,,-5.8200002,-5.8200002,0.0
C[C@@H]1NC(=O)[C@@H](C)NC(=O)[C@@H](C)NC(=O)[C@H](C)N(C)C(=O)[C@H](C)NC(=O)[C@@H](C)NC1=O,-5.8200002,1,-5.8200002,-5.8200002,,-5.8200002,-5.8200002,0.0
C[C@@H]1NC(=O)[C@@H](C)NC(=O)[C@@H](C)NC(=O)[C@H](C)NC(=O)[C@H](C)N(C)C(=O)[C@@H](C)NC1=O,-5.8200002,1,-5.8200002,-5.8200002,,-5.8200002,-5.8200002,0.0
C[C@@H]1NC(=O)[C@@H](C)NC(=O)[C@H](C)N(C)C(=O)[C@@H](C)N(C)C(=O)[C@@H](C)N(C)C(=O)[C@H](C)NC1=O,-5.8200002,1,-5.8200002,-5.8200002,,-5.8200002,-5.8200002,0.0
C[C@@H]1NC(=O)[C@@H](C)NC(=O)[C@H](C)N(C)C(=O)[C@@H](C)N(C)C(=O)[C@@H](C)NC(=O)[C@H](C)N(C)C1=O,-5.8200002,1,-5.8200002,-5.8200002,,-5.8200002,-5.8200002,0.0
C[C@@H]1NC(=O)[C@@H](C)NC(=O)[C@H](C)N(C)C(=O)[C@@H](C)NC(=O)[C@@H](C)N(C)C(=O)[C@H](C)NC1=O,-5.8200002,1,-5.8200002,-5.8200002,,-5.8200002,-5.8200002,0.0
C[C@@H]1NC(=O)[C@@H](C)NC(=O)[C@H](C)N(C)C(=O)[C@@H](C)NC(=O)[C@@H](C)NC(=O)[C@H](C)N(C)C1=O,-5.8200002,1,-5.8200002,-5.8200002,,-5.8200002,-5.8200002,0.0
C[C@@H]1NC(=O)[C@@H](C)NC(=O)[C@H](C)NC(=O)[C@@H](C)NC(=O)[C@@H](C)N(C)C(=O)[C@H](C)NC1=O,-5.8200002,1,-5.8200002,-5.8200002,,-5.8200002,-5.8200002,0.0
C[C@@H]1NC(=O)[C@H](C)N(C)C(=O)[C@@H](C)N(C)C(=O)[C@H](C)N(C)C(=O)[C@@H](C)N(C)C(=O)[C@@H](C)NC1=O,-5.2600002,1,-5.2600002,-5.2600002,,-5.2600002,-5.2600002,0.0
C[C@@H]1NC(=O)[C@H](C)N(C)C(=O)[C@@H](C)N(C)C(=O)[C@H](C)N(C)C(=O)[C@@H](C)NC(=O)[C@@H](C)N(C)C1=O,-5.3000002,1,-5.3000002,-5.3000002,,-5.3000002,-5.3000002,0.0
C[C@@H]1NC(=O)[C@H](C)N(C)C(=O)[C@@H](C)N(C)C(=O)[C@H](C)NC(=O)[C@@H](C)N(C)C(=O)[C@@H](C)N(C)C1=O,-5.3000002,1,-5.3000002,-5.3000002,,-5.3000002,-5.3000002,0.0
C[C@@H]1NC(=O)[C@H](C)N(C)C(=O)[C@@H](C)N(C)C(=O)[C@H](C)NC(=O)[C@@H](C)N(C)C(=O)[C@@H](C)NC1=O,-5.3000002,1,-5.3000002,-5.3000002,,-5.3000002,-5.3000002,0.0
C[C@@H]1NC(=O)[C@H](C)N(C)C(=O)[C@@H](C)N(C)C(=O)[C@H](C)NC(=O)[C@@H](C)NC(=O)[C@@H](C)N(C)C1=O,-5.8200002,1,-5.8200002,-5.8200002,,-5.8200002,-5.8200002,0.0
C[C@@H]1NC(=O)[C@H](C)N(C)C(=O)[C@@H](C)N(C)C(=O)[C@H](C)NC(=O)[C@@H](C)NC(=O)[C@@H](C)NC1=O,-5.3000002,1,-5.3000002,-5.3000002,,-5.3000002,-5.3000002,0.0
C[C@@H]1NC(=O)[C@H](C)N(C)C(=O)[C@@H](C)NC(=O)[C@H](C)N(C)C(=O)[C@@H](C)N(C)C(=O)[C@@H](C)NC1=O,-5.8200002,1,-5.8200002,-5.8200002,,-5.8200002,-5.8200002,0.0
C[C@@H]1NC(=O)[C@H](C)N(C)C(=O)[C@@H](C)NC(=O)[C@H](C)N(C)C(=O)[C@@H](C)NC(=O)[C@@H](C)NC1=O,-5.8200002,1,-5.8200002,-5.8200002,,-5.8200002,-5.8200002,0.0
C[C@@H]1NC(=O)[C@H](C)NC(=O)[C@@H](C)N(C)C(=O)[C@H](C)N(C)C(=O)[C@@H](C)N(C)C(=O)[C@@H](C)NC1=O,-5.8200002,1,-5.8200002,-5.8200002,,-5.8200002,-5.8200002,0.0
C[C@@H]1NC(=O)[C@H](C)NC(=O)[C@@H](C)N(C)C(=O)[C@H](C)N(C)C(=O)[C@@H](C)NC(=O)[C@@H](C)NC1=O,-5.8200002,1,-5.8200002,-5.8200002,,-5.8200002,-5.8200002,0.0
C[C@@H]1NC(=O)[C@H](C)NC(=O)[C@@H](C)N(C)C(=O)[C@H](C)NC(=O)[C@@H](C)N(C)C(=O)[C@@H](C)NC1=O,-5.8200002,1,-5.8200002,-5.8200002,,-5.8200002,-5.8200002,0.0
C[C@@H]1NC(=O)[C@H](C)NC(=O)[C@@H](C)N(C)C(=O)[C@H](C)NC(=O)[C@@H](C)NC(=O)[C@@H](C)NC1=O,-5.8200002,1,-5.8200002,-5.8200002,,-5.8200002,-5.8200002,0.0
C[C@@H]1NC(=O)[C@H](C)NC(=O)[C@@H](C)NC(=O)[C@H](C)N(C)C(=O)[C@@H](C)N(C)C(=O)[C@@H](C)NC1=O,-5.8200002,1,-5.8200002,-5.8200002,,-5.8200002,-5.8200002,0.0
C[C@@H]1NC(=O)[C@H](C)NC(=O)[C@@H](C)NC(=O)[C@H](C)NC(=O)[C@@H](C)N(C)C(=O)[C@@H](C)NC1=O,-5.8200002,1,-5.8200002,-5.8200002,,-5.8200002,-5.8200002,0.0
C[C@@H]1O[C@@H](O[C@@H]2C(=O)c3c(O)cc(O)cc3O[C@H]2c2ccc(O)c(O)c2)[C@H](O)[C@H](O)[C@H]1O,-6.8200002,1,-6.8200002,-6.8200002,,-6.8200002,-6.8200002,0.0
C[C@@H]1O[C@@H](O[C@@H]2[C@@H](O)[C@H](OCCc3ccc(O)c(O)c3)O[C@H](CO[C@@H]3O[C@H](CO)[C@@H](O)[C@H](O)[C@H]3O)[C@H]2OC(=O)/C=C/c2ccc(O)c(O)c2)[C@H](O)[C@H](O)[C@H]1O,-6.6500001,1,-6.6500001,-6.6500001,,-6.6500001,-6.6500001,0.0
C[C@@H]1O[C@@H](O[C@H]2C[C@@H](O)[C@@]3(CO)[C@H]4[C@H](O)C[C@]5(C)[C@@H](C6=CC(=O)OC6)CC[C@]5(O)[C@@H]4CC[C@]3(O)C2)[C@H](O)[C@H](O)[C@H]1O,-6.9593034,1,-6.9593034,-6.9593034,,-6.9593034,-6.9593034,0.0
C[C@@H]1O[C@@H](O[C@H]2C[C@@H](O)[C@]3(CO)[C@H]4[C@H](O)C[C@]5(C)[C@@H](C6=CC(=O)OC6)CC[C@]5(O)[C@@H]4CC[C@]3(O)C2)[C@H](O)[C@H](O)[C@H]1O,-7.23,1,-7.23,-7.23,,-7.23,-7.23,0.0
C[C@@H]1O[C@@H](O[C@H]2[C@H](Oc3cc(O)c4c(c3)O[C@H](c3ccc(O)cc3)CC4=O)O[C@H](CO)[C@@H](O)[C@@H]2O)[C@H](O)[C@H](O)[C@H]1O,-6.8200002,1,-6.8200002,-6.8200002,,-6.8200002,-6.8200002,0.0
C[C@@H]1O[C@@H](Oc2c(-c3ccc(O)c(O)c3)oc3cc(O)cc(O)c3c2=O)[C@@H](O)[C@H](O)[C@@H]1O,-6.0999999,1,-6.0999999,-6.0999999,,-6.0999999,-6.0999999,0.0
C[C@@H]1O[C@@H](Oc2c(-c3ccc(O)c(O)c3)oc3cc(O)cc(O)c3c2=O)[C@H](O)[C@H](O)[C@H]1O,-6.0999999,1,-6.0999999,-6.0999999,,-6.0999999,-6.0999999,0.0
C[C@@H]1O[C@@H](c2ccc(Cl)cc2)OC[C@H]1N,-4.9279342,1,-4.9279342,-4.9279342,,-4.9279342,-4.9279342,0.0
C[C@@H]1O[C@@H](c2ccc(Cl)cc2)OC[C@H]1NC(=O)Cc1ccccc1,-4.9920392,1,-4.9920392,-4.9920392,,-4.9920392,-4.9920392,0.0
C[C@@H]1O[C@@H](c2ccc(N(O)O)cc2)OC[C@H]1N,-4.8885694,1,-4.8885694,-4.8885694,,-4.8885694,-4.8885694,0.0
C[C@@H]1O[C@@H](c2ccc(N(O)O)cc2)OC[C@H]1NC(=O)Cc1ccccc1,-4.9846401,1,-4.9846401,-4.9846401,,-4.9846401,-4.9846401,0.0
C[C@@H]1[C@H]2C3=CC(=O)[C@@H]4[C@]5(C)CC[C@@H](O)[C@@](C)(C(=O)O)[C@H]5CC[C@@]4(C)[C@@]3(C)C[C@H](C)[C@H]2CC[C@H]1C,-5.8000002,1,-5.8000002,-5.8000002,,-5.8000002,-5.8000002,0.0
C[C@@](N)(Cc1ccc(O)c(O)c1)C(=O)O,-6.619894,1,-6.619894,-6.619894,,-6.619894,-6.619894,0.0
C[C@H](CCC(=O)NCC(=O)[O-])[C@H]1CC[C@H]2[C@@H]3[C@H](O)C[C@@H]4C[C@H](O)CC[C@]4(C)[C@H]3C[C@H](O)[C@]12C,-5.7141905,1,-5.7141905,-5.7141905,,-5.7141905,-5.7141905,0.0
C[C@H](CS)C(=O)N1CCC[C@@H]1C(=O)O,-4.8153086,1,-4.8153086,-4.8153086,,-4.8153086,-4.8153086,0.0
C[C@H](CS)C(=O)N1CCC[C@H]1C(=O)O,-4.8200002,1,-4.8200002,-4.8200002,,-4.8200002,-4.8200002,0.0
C[C@H](CSN=O)C(=O)N1CCC[C@@H]1C(=O)O,-4.5,1,-4.5,-4.5,,-4.5,-4.5,0.0
C[C@H](N)C(=O)O,-5.4201083,1,-5.4201083,-5.4201083,,-5.4201083,-5.4201083,0.0
C[C@H](N)Cc1ccccc1,-4.3899999,1,-4.3899999,-4.3899999,,-4.3899999,-4.3899999,0.0
C[C@H](NC(=O)[C@H](N)Cc1ccccc1)C(=O)N[C@H](CO)C(=O)O,-6.2819986,1,-6.2819986,-6.2819986,,-6.2819986,-6.2819986,0.0
C[C@H](N[C@H](CCc1ccccc1)C(=O)O)C(=O)N1CCC[C@@H]1C(=O)O,-5.8800001,1,-5.8800001,-5.8800001,,-5.8800001,-5.8800001,0.0
C[C@H]1COc2c(N3CCN(C)CC3)c(F)cc3c(=O)c(C(=O)O)cn1c23,-4.5500002,1,-4.5500002,-4.5500002,,-4.5500002,-4.5500002,0.0
C[C@H]1C[C@@H]2[C@H]([C@@H](O)C[C@@]3(C)[C@H]2CC[C@]3(O)C(=O)CO)[C@@]2(C)C=CC(=O)C=C12,-5.1161518,1,-5.1161518,-5.1161518,,-5.1161518,-5.1161518,0.0
C[C@H]1NC(=O)[C@H](C)N(C)C(=O)[C@H](C)N(C)C(=O)[C@@H](C)NC(=O)[C@H](C)N(C)C(=O)[C@@H](C)NC1=O,-5.8200002,1,-5.8200002,-5.8200002,,-5.8200002,-5.8200002,0.0
C[C@H]1O[C@@H](O[C@H]2[C@@H](O)C[C@H](O[C@H]3[C@@H](O)C[C@H](O[C@H]4CC[C@@]5(C)[C@H](CC[C@@H]6[C@@H]5C[C@@H](O)[C@]5(C)[C@@H](C7=CC(=O)OC7)CC[C@]65O)C4)O[C@@H]3C)O[C@@H]2C)C[C@H](O)[C@@H]1O,-5.7355282,2,-5.7355282,-5.7355282,0.2128790219596099,-5.8860564,-5.585,0.3010564000000002
C[C@H]1O[C@@H](O[C@H]2[C@@H](O)C[C@H](O[C@H]3[C@@H](O)C[C@H](O[C@H]4CC[C@]5(C)[C@H](CC[C@@H]6[C@@H]5C[C@@H](O)[C@]5(C)C(C7=CC(=O)OC7)CC[C@]65O)C4)O[C@@H]3C)O[C@@H]2C)C[C@H](O)[C@@H]1O,-5.6316042,1,-5.6316042,-5.6316042,,-5.6316042,-5.6316042,0.0
C[C@H]1[C@@H](OC(=O)CCC(=O)O)O[C@@H]2OC3(C)CC[C@H]4[C@H](C)CC[C@@H]1[C@@]24OO3,-5.4001169,1,-5.4001169,-5.4001169,,-5.4001169,-5.4001169,0.0
C[C@H]1[C@H](C)CC[C@]2(C(=O)O)CC[C@]3(C)C(=CC[C@@H]4[C@@]5(C)CC[C@H](O)C(C)(C)[C@@H]5CC[C@]43C)[C@H]12,-5.5500002,1,-5.5500002,-5.5500002,,-5.5500002,-5.5500002,0.0
C[C@H]1[C@H](OC(=O)CCC(=O)O)O[C@@H]2O[C@@]3(C)CC[C@H]4[C@H](C)CC[C@@H]1[C@@]24OO3,-5.4000001,1,-5.4000001,-5.4000001,,-5.4000001,-5.4000001,0.0
C[C@]12C=CC(=O)C=C1CC[C@@H]1[C@@H]2C(O)C[C@@]2(C)[C@H]1CC[C@]2(O)C(=O)CO,-5.3699999,1,-5.3699999,-5.3699999,,-5.3699999,-5.3699999,0.0
C[C@]12C=CC(=O)C=C1CC[C@@H]1[C@@H]2[C@@H](O)C[C@@]2(C)[C@H]1CC[C@]2(O)C(=O)CO,-4.7199998,1,-4.7199998,-4.7199998,,-4.7199998,-4.7199998,0.0
C[C@]12CC(=O)[C@@H]3[C@@H](CCC4=CC(=O)CC[C@]43C)[C@@H]1CC[C@]2(O)C(=O)CO,-4.5086384,1,-4.5086384,-4.5086384,,-4.5086384,-4.5086384,0.0
C[C@]12CCC(=O)C=C1CC[C@@H]1[C@@H]2[C@@H](O)C[C@@]2(C)[C@H]1CC[C@]2(O)C(=O)CO,-4.5543182,2,-4.5543182,-4.5543182,0.020248992628770376,-4.5686364,-4.54,0.028636399999999895
C[C@]12CCC(=O)C=C1CC[C@@H]1[C@H]2[C@H](O)C[C@@]2(C)[C@@H]1CC[C@@]2(O)C(=O)CO,-4.6599998,1,-4.6599998,-4.6599998,,-4.6599998,-4.6599998,0.0
C[C@]12CC[C@@H]3c4ccc(O)cc4CC[C@H]3[C@@H]1CC[C@@H]2O,-4.731148,2,-4.731148,-4.731148,0.0016235171696038957,-4.732296,-4.73,0.0022959999999994096
C[C@]12CC[C@H]3[C@@H](CCC4=CC(=O)CC[C@@]43C)[C@@H]1CC[C@@H]2C(=O)CO,-4.6700001,1,-4.6700001,-4.6700001,,-4.6700001,-4.6700001,0.0
C[C@]12CC[C@H]3[C@@H](CCC4=CC(=O)CC[C@@]43C)[C@@H]1CC[C@@H]2O,-4.365,2,-4.365,-4.365,0.09192359871153846,-4.4299998,-4.3000002,0.12999959999999966
C[C@]12C[C@@H](O)[C@@H]3[C@@H](CCC4=CC(=O)CC[C@@]43C)[C@H]1CC[C@H]2C(=O)CO,-4.4850001,1,-4.4850001,-4.4850001,,-4.4850001,-4.4850001,0.0
C[C@]12C[C@H](O)[C@H]3[C@@H](CCC4=CC(=O)C=C[C@]43C)[C@@H]1CC[C@]2(O)C(=O)CO,-5.4436975,1,-5.4436975,-5.4436975,,-5.4436975,-5.4436975,0.0
C[C@]12C[C@H](O)[C@H]3[C@@H](CCC4=CC(=O)CC[C@@]43C)[C@@H]1CC[C@@H]2C(=O)CO,-4.3887606,1,-4.3887606,-4.3887606,,-4.3887606,-4.3887606,0.0
C[N+](C)(C)CCO,-4.9521427,1,-4.9521427,-4.9521427,,-4.9521427,-4.9521427,0.0
C[N+]1(C)[C@H]2CC(OC(=O)[C@H](CO)c3ccccc3)C[C@H]1C1OC12.[Br-],-6.1599998,1,-6.1599998,-6.1599998,,-6.1599998,-6.1599998,0.0
Cc1c(F)c(N2CCNC(C)C2)cc2c1C(=O)C(C(=O)O)CN2C1CC1,-4.9825492,1,-4.9825492,-4.9825492,,-4.9825492,-4.9825492,0.0
Cc1c(F)c(N2CCNC(C)C2)cc2c1c(=O)c(C(=O)O)cn2C1CC1,-4.8899999,1,-4.8899999,-4.8899999,,-4.8899999,-4.8899999,0.0
Cc1c(N(C)C)c(=O)n(-c2ccccc2)n1C,-4.3894196,1,-4.3894196,-4.3894196,,-4.3894196,-4.3894196,0.0
Cc1c(O)c(=O)ccn1C,-4.8885303,1,-4.8885303,-4.8885303,,-4.8885303,-4.8885303,0.0
Cc1c(O)c2c(c(C)c1CCO)C(=O)C(C)(C)C2,-4.7597256,1,-4.7597256,-4.7597256,,-4.7597256,-4.7597256,0.0
Cc1c(O)c2c(c(C)c1CCO[C@@H]1O[C@H](CO)[C@@H](O)[C@H](O)[C@H]1O)C(=O)C(C)(C)C2,-6.0107207,1,-6.0107207,-6.0107207,,-6.0107207,-6.0107207,0.0
Cc1c(O)cccc1C(=O)N[C@@H](CSc1ccccc1)[C@H](O)CN1C[C@H]2CCCC[C@H]2C[C@H]1C(=O)NC(C)(C)C,-6.1500001,1,-6.1500001,-6.1500001,,-6.1500001,-6.1500001,0.0
Cc1c(OCC(F)(F)F)ccnc1CS(=O)c1nc2ccccc2[nH]1,-4.1100001,1,-4.1100001,-4.1100001,,-4.1100001,-4.1100001,0.0
Cc1cc(=O)n(-c2ccccc2)n1C,-4.1802676000000005,2,-4.1802676000000005,-4.1802676000000005,0.40974320669619435,-4.4699998,-3.8905354,0.5794644
Cc1cc(C(=O)Nc2ccc(-c3ccccc3S(C)(=O)=O)cc2)n(-c2cccc(CN)c2)n1,-5.9000001,1,-5.9000001,-5.9000001,,-5.9000001,-5.9000001,0.0
Cc1cc(C(=O)Nc2ccc(-c3ccccc3S(C)(=O)=O)cc2F)n(-c2cccc(CN)c2)n1,-5.5,1,-5.5,-5.5,,-5.5,-5.5,0.0
Cc1cc(C(=O)Nc2ccc(-c3ccccc3S(N)(=O)=O)cc2F)n(-c2cccc(CN)c2)n1,-6.0,1,-6.0,-6.0,,-6.0,-6.0,0.0
Cc1cc(CC(=O)O)n(C)c1C(=O)c1ccc(Cl)cc1,-4.6100001,1,-4.6100001,-4.6100001,,-4.6100001,-4.6100001,0.0
Cc1cc(COc2ccc(C(=O)N[C@@H]3CC4(C[C@@H]3C(=O)NO)OCCO4)cc2)c2ccccc2n1,-5.7423639,1,-5.7423639,-5.7423639,,-5.7423639,-5.7423639,0.0
Cc1cc(COc2ccc(C(=O)N[C@@H]3C[C@@]4(CCCO4)C[C@@H]3C(=O)NO)cc2)c2ccccc2n1,-5.6319547,1,-5.6319547,-5.6319547,,-5.6319547,-5.6319547,0.0
Cc1cc(C[C@H](NS(=O)(=O)c2ccccc2)c2nc3ccccc3[nH]2)ccc1[C@@H]1CC(=O)N=S1(=O)[O-],-6.3989701,1,-6.3989701,-6.3989701,,-6.3989701,-6.3989701,0.0
Cc1cc(NC(O)=C2C(=O)c3ccccc3S(=O)(=O)N2C)no1,-4.6100001,1,-4.6100001,-4.6100001,,-4.6100001,-4.6100001,0.0
Cc1cc(NS(=O)(=O)c2ccc(N)cc2)no1,-4.8800001,1,-4.8800001,-4.8800001,,-4.8800001,-4.8800001,0.0
Cc1cc(O)cc(C)c1C[C@H](N)C(=O)N1CCC[C@@H]1C(=O)N[C@@H](Cc1c[nH]c2ccccc12)C(=O)N[C@@H](Cc1ccccc1)C(N)=O,-6.2987847,1,-6.2987847,-6.2987847,,-6.2987847,-6.2987847,0.0
Cc1ccc(-c2cc(C(F)(F)F)nn2-c2ccc(S(N)(=O)=O)cc2)cc1,-4.8050604,1,-4.8050604,-4.8050604,,-4.8050604,-4.8050604,0.0
Cc1ccc(-c2nc3ccc(C)cn3c2CC(=O)N(C)C)cc1,-4.5,1,-4.5,-4.5,,-4.5,-4.5,0.0
Cc1ccc(-c2ncc(Cl)cc2-c2ccc(S(C)(=O)=O)cc2)cn1,-4.2807493,2,-4.2807493,-4.2807493,0.0010593873795739246,-4.2814984,-4.2800002,0.0014982000000003382
Cc1ccc(/C(=C/CN2CCCC2)c2cccc(/C=C/C(=O)O)n2)cc1,-5.720623,1,-5.720623,-5.720623,,-5.720623,-5.720623,0.0
Cc1ccc(C(=O)c2ccc(CC(=O)O)n2C)cc1,-5.082860500000001,2,-5.082860500000001,-5.082860500000001,0.010097060571275773,-5.0900002,-5.0757208,0.014279400000000386
Cc1ccc(C(F)(F)CNc2ccc(C#N)c(CC(=O)NCCONC(=N)N)c2F)nc1,-6.188375,1,-6.188375,-6.188375,,-6.188375,-6.188375,0.0
Cc1ccc(N2CCN(C(=O)[C@H](C)Cc3ccc(Cl)cc3)CC2)c([C@@H](N)C(C)C)c1,-5.3000002,1,-5.3000002,-5.3000002,,-5.3000002,-5.3000002,0.0
Cc1ccc(N2CCN(C(=O)[C@H](C)Cc3ccc(Cl)cc3)CC2)c([C@@H](NC(=O)CCN(C)C)C(C)C)c1,-4.388608,1,-4.388608,-4.388608,,-4.388608,-4.388608,0.0
Cc1ccc(N2CCN(C(=O)[C@H](C)Cc3ccc(Cl)cc3)CC2)c([C@@H](NC(=O)CCN)C(C)C)c1,-5.5214391,1,-5.5214391,-5.5214391,,-5.5214391,-5.5214391,0.0
Cc1ccc(N2CCN(C(=O)[C@H](C)Cc3ccc(Cl)cc3C)CC2)c([C@@H](NC(=O)CCN(C)C)C(C)C)c1,-4.7979398,1,-4.7979398,-4.7979398,,-4.7979398,-4.7979398,0.0
Cc1ccc(N2CCN(C(=O)[C@H](C)Cc3ccc(Cl)cc3F)CC2)c([C@@H](NC(=O)CCN(C)C)C(C)C)c1,-4.4308991,1,-4.4308991,-4.4308991,,-4.4308991,-4.4308991,0.0
Cc1ccc(NC(=O)c2ccc(CN3CCN(C)CC3)cc2)cc1Nc1nccc(-c2cccnc2)n1,-5.3899999,1,-5.3899999,-5.3899999,,-5.3899999,-5.3899999,0.0
Cc1ccc(NC(=O)c2nscc2NCc2ccncc2)cc1C(F)(F)F,-5.2295737,1,-5.2295737,-5.2295737,,-5.2295737,-5.2295737,0.0
Cc1ccc(S(=O)(=O)NC(=O)C(c2ccc3c(c2)OCO3)c2cn(C)c3cc(CO)ccc23)cc1,-5.7697759,1,-5.7697759,-5.7697759,,-5.7697759,-5.7697759,0.0
Cc1ccc2c(=O)c3cccc(CC(=O)O)c3oc2c1C,-4.5,2,-4.5,-4.5,0.14142121481595363,-4.5999999,-4.4000001,0.1999998000000005
Cc1ccc2c(=O)c3cccc(CC(=O)OC4OC(C(=O)O)[C@@H](O)[C@@H](O)[C@@H]4O)c3oc2c1C,-6.52,1,-6.52,-6.52,,-6.52,-6.52,0.0
Cc1ccc2cc(C(=O)NC3(C(=O)N[C@H](Cc4ccccc4)C(=O)NCC4CCN(CC5CCOCC5)CC4)CCCC3)sc2c1,-5.2912149,1,-5.2912149,-5.2912149,,-5.2912149,-5.2912149,0.0
Cc1cccc(Nc2ccccc2C(=O)O)c1C,-4.74857355,2,-4.74857355,-4.74857355,0.0020173049360472134,-4.75,-4.7471471,0.002852899999999714
Cc1ccccc1N1C(=O)c2cc(S(N)(=O)=O)c(Cl)cc2NC1C,-5.21,1,-5.21,-5.21,,-5.21,-5.21,0.0
Cc1ccccc1N1C(=O)c2cc(S(N)(=O)=O)c(Cl)cc2N[C@H]1C,-5.3049202,1,-5.3049202,-5.3049202,,-5.3049202,-5.3049202,0.0
Cc1ccnc2[nH]c(Cc3nc4ccc(/C(N)=N\O)cc4[nH]3)nc12,-6.6994848,1,-6.6994848,-6.6994848,,-6.6994848,-6.6994848,0.0
Cc1ccnc2c1NC(=O)c1cccnc1N2C1CC1,-4.512678149999999,2,-4.512678149999999,-4.512678149999999,0.010354659571660922,-4.52,-4.5053563,0.014643699999999704
Cc1ccnc2nc(Cc3nc4cc(C(=N)N)ccc4[nH]3)[nH]c12,-7.0500002,1,-7.0500002,-7.0500002,,-7.0500002,-7.0500002,0.0
Cc1ccnc2nc(Cc3nc4ccc(C(=N)N)cc4[nH]3)[nH]c12,-7.0478787,1,-7.0478787,-7.0478787,,-7.0478787,-7.0478787,0.0
Cc1ccncc1,-3.9612868,1,-3.9612868,-3.9612868,,-3.9612868,-3.9612868,0.0
Cc1cn([C@H]2C=C[C@@H](CO)O2)c(=O)[nH]c1=O,-5.3483939,1,-5.3483939,-5.3483939,,-5.3483939,-5.3483939,0.0
Cc1cn([C@H]2C[C@H](N=[N+]=[N-])[C@@H](CO)O2)c(=O)[nH]c1=O,-5.0599999,1,-5.0599999,-5.0599999,,-5.0599999,-5.0599999,0.0
Cc1cn([C@H]2C[C@H]([N-][NH+]=N)[C@@H](CO)O2)c(=O)[nH]c1=O,-5.1850867,1,-5.1850867,-5.1850867,,-5.1850867,-5.1850867,0.0
Cc1cnc(C(=O)NCCc2ccc(S(=O)(=O)NC(=O)NC3CCCCC3)cc2)cn1,-4.7199998,1,-4.7199998,-4.7199998,,-4.7199998,-4.7199998,0.0
Cc1cnc(N/C(O)=C2/C(=O)c3ccccc3S(=O)(=O)N2C)s1,-4.7058601,1,-4.7058601,-4.7058601,,-4.7058601,-4.7058601,0.0
Cc1cnc(NC(=O)C2=C(O)c3ccccc3S(=O)(=O)N2C)s1,-4.71,1,-4.71,-4.71,,-4.71,-4.71,0.0
Cc1csc(NC(=O)C(C(=O)OC(C)C)=C2SCS2)n1,-4.5100002,1,-4.5100002,-4.5100002,,-4.5100002,-4.5100002,0.0
Cc1nc(-c2c(Cl)cc(Cl)cc2-c2ccc([C@@H](C)NC(=O)C3(NC(=O)C(F)(F)F)CC3)c(F)c2)no1,-4.6382723,1,-4.6382723,-4.6382723,,-4.6382723,-4.6382723,0.0
Cc1nc(-c2ccc(Cl)cc2-c2ccc([C@@H](C)NC(=O)C3(NC(=O)C(F)(F)F)CC3)c(F)c2)no1,-4.5086384,1,-4.5086384,-4.5086384,,-4.5086384,-4.5086384,0.0
Cc1nc(N)ccc1CNC(=O)Cc1c(C#N)ccc(NCC(F)(F)c2ccccn2)c1F,-5.1474957,1,-5.1474957,-5.1474957,,-5.1474957,-5.1474957,0.0
Cc1ncc(CO)c(CO)c1O,-4.8362136,2,-4.8362136,-4.8362136,0.44719356172682123,-5.1524272,-4.52,0.6324272000000004
Cc1ncc(C[n+]2csc(CCO)c2C)c(N)n1,-5.2685814,1,-5.2685814,-5.2685814,,-5.2685814,-5.2685814,0.0
Cc1ncc2n1-c1ccc(Cl)cc1C(c1ccccc1F)=NC2,-4.380506049999999,2,-4.380506049999999,-4.380506049999999,0.027568749895579607,-4.4000001,-4.361012,0.03898810000000008
Cc1nccc2c1[nH]c1cc(O)ccc12,-5.302259,1,-5.302259,-5.302259,,-5.302259,-5.302259,0.0
Cc1nccc2c1[nH]c1ccccc12,-5.223299,1,-5.223299,-5.223299,,-5.223299,-5.223299,0.0
Cc1nnc(C(C)C)n1C1CC2CCC(C1)N2CC[C@H](NC(=O)C1CCC(F)(F)CC1)c1ccccc1,-6.0,1,-6.0,-6.0,,-6.0,-6.0,0.0
Cc1nnc(NS(=O)(=O)c2ccc(N)cc2)s1,-5.8393164,1,-5.8393164,-5.8393164,,-5.8393164,-5.8393164,0.0
Cc1nnc(SCC2=C(C(=O)O)N3C(=O)[C@@H](NC(=O)Cn4cnnn4)[C@H]3SC2)s1,-6.23,1,-6.23,-6.23,,-6.23,-6.23,0.0
Cc1nnc2n1-c1ccc(Cl)cc1C(c1ccccc1)=NC2,-4.0886133000000005,2,-4.0886133000000005,-4.0886133000000005,0.23845507423512655,-4.2572265,-3.9200001,0.3372263999999996
Cc1nnc2n1-c1ccc(Cl)cc1C(c1ccccc1Cl)=NC2,-4.5500002,1,-4.5500002,-4.5500002,,-4.5500002,-4.5500002,0.0
Cc1noc(NS(=O)(=O)c2ccc(N)cc2)c1C,-4.8450000499999994,2,-4.8450000499999994,-4.8450000499999994,0.10606608788866038,-4.9200001,-4.77,0.15000010000000064
Cc1oc(=O)oc1COC(=O)N1CCC(N2CCN(CC(=O)c3ccc(OCC(=O)OC4CCCCC4)cc3)C(=O)C2)CC1,-4.3099999,1,-4.3099999,-4.3099999,,-4.3099999,-4.3099999,0.0
Cc1onc(-c2ccccc2)c1C(=O)N[C@@H]1C(=O)N2[C@@H]1SC(C)(C)[C@@H]2C(=O)O,-4.8797116,1,-4.8797116,-4.8797116,,-4.8797116,-4.8797116,0.0
Cc1onc(-c2ccccc2Cl)c1C(=O)N[C@@H]1C(=O)N2[C@@H]1SC(C)(C)[C@@H]2C(=O)O,-5.5799999,1,-5.5799999,-5.5799999,,-5.5799999,-5.5799999,0.0
Clc1ccc(C2CN3CCN=C3c3ccccc32)cc1,-4.7199998,1,-4.7199998,-4.7199998,,-4.7199998,-4.7199998,0.0
Clc1ccc2c(c1)CCc1cccnc1C2=C1CCNCC1,-4.0599999,1,-4.0599999,-4.0599999,,-4.0599999,-4.0599999,0.0
Clc1ccc2c(c1)N=C(N1CCNCC1)c1ccccc1N2,-4.6799998,1,-4.6799998,-4.6799998,,-4.6799998,-4.6799998,0.0
Clc1ccc2c(c1)NC(N1CCNCC1)=c1ccccc1=N2,-4.6799998,1,-4.6799998,-4.6799998,,-4.6799998,-4.6799998,0.0
Clc1cccc(Cl)c1NC1=NCCN1,-4.53886295,2,-4.53886295,-4.53886295,0.05817643260466398,-4.5799999,-4.497726,0.08227389999999968
Clc1ccncc1,-4.220202,1,-4.220202,-4.220202,,-4.220202,-4.220202,0.0
Cn1c(=O)c2[nH]cnc2n(C)c1=O,-4.3499999,1,-4.3499999,-4.3499999,,-4.3499999,-4.3499999,0.0
Cn1c(=O)c2c(ncn2C)n(C)c1=O,-4.3400002,1,-4.3400002,-4.3400002,,-4.3400002,-4.3400002,0.0
Cn1c(C(=O)NC2(C(=O)N[C@H](Cc3ccccc3)C(=O)NCCCN3CCOCC3)CCCC2)cc2ccccc21,-4.9723473,1,-4.9723473,-4.9723473,,-4.9723473,-4.9723473,0.0
Cn1c(C2=CCN(CCCN3c4ccccc4Sc4ccc(CC(=O)O)cc43)CC2)cc(=O)n(C)c1=O,-4.8289509,1,-4.8289509,-4.8289509,,-4.8289509,-4.8289509,0.0
Cn1c(N)nc2ncc(-c3ccccc3)cc21,-4.8205118,1,-4.8205118,-4.8205118,,-4.8205118,-4.8205118,0.0
Cn1c(N2CCCN(CCCN3c4ccccc4Sc4c(C(=O)O)cccc43)CC2)cc(=O)n(C)c1=O,-5.8005152,1,-5.8005152,-5.8005152,,-5.8005152,-5.8005152,0.0
Cn1c(N2CCCN(CCCN3c4ccccc4Sc4ccc(/C=C/C(=O)O)cc43)CC2)cc(=O)n(C)c1=O,-4.6493707,1,-4.6493707,-4.6493707,,-4.6493707,-4.6493707,0.0
Cn1c(N2CCCN(CCCN3c4ccccc4Sc4ccc(C(=O)O)cc43)CC2)cc(=O)n(C)c1=O,-4.8289509,1,-4.8289509,-4.8289509,,-4.8289509,-4.8289509,0.0
Cn1c(N2CCCN(CCCN3c4ccccc4Sc4ccc(C(C)(C)C(=O)O)cc43)CC2)cc(=O)n(C)c1=O,-5.0,1,-5.0,-5.0,,-5.0,-5.0,0.0
Cn1c(N2CCCN(CCCN3c4ccccc4Sc4ccc(CC(=O)O)cc43)CC2)cc(=O)n(C)c1=O,-5.2600002,1,-5.2600002,-5.2600002,,-5.2600002,-5.2600002,0.0
Cn1c(N2CCCN(CCCN3c4ccccc4Sc4ccc(CCC(=O)O)cc43)CC2)cc(=O)n(C)c1=O,-5.1100001,1,-5.1100001,-5.1100001,,-5.1100001,-5.1100001,0.0
Cn1c(N2CCCN(CCCN3c4ccccc4Sc4ccc(OCC(=O)O)cc43)CC2)cc(=O)n(C)c1=O,-5.8005152,1,-5.8005152,-5.8005152,,-5.8005152,-5.8005152,0.0
Cn1c(N2CCCN(CCCN3c4ccccc4Sc4cccc(C(=O)O)c43)CC2)cc(=O)n(C)c1=O,-5.8005152,1,-5.8005152,-5.8005152,,-5.8005152,-5.8005152,0.0
Cn1c(N2CCN(CCCCN3c4ccccc4Sc4ccc(C(=O)O)cc43)CC2)cc(=O)n(C)c1=O,-4.6900001,1,-4.6900001,-4.6900001,,-4.6900001,-4.6900001,0.0
Cn1c(N2CCN(CCCN3c4ccccc4Sc4ccc(C(=O)O)cc43)CC2)cc(=O)n(C)c1=O,-5.0,1,-5.0,-5.0,,-5.0,-5.0,0.0
Cn1c(N2CCN(CCCN3c4ccccc4Sc4ccc(CC(=O)O)cc43)CC2)cc(=O)n(C)c1=O,-4.9099998,1,-4.9099998,-4.9099998,,-4.9099998,-4.9099998,0.0
Cn1c(N2CCN(CCCN3c4ccccc4Sc4ccc(CCC(=O)O)cc43)CC2)cc(=O)n(C)c1=O,-5.29,1,-5.29,-5.29,,-5.29,-5.29,0.0
Cn1c(N2CCN(CCN3c4ccccc4Sc4ccc(C(=O)O)cc43)CC2)cc(=O)n(C)c1=O,-5.3099999,1,-5.3099999,-5.3099999,,-5.3099999,-5.3099999,0.0
Cn1c(NCCCN2CCC(CN3c4ccccc4Sc4ccc(C(=O)O)cc43)CC2)cc(=O)n(C)c1=O,-5.8989701,1,-5.8989701,-5.8989701,,-5.8989701,-5.8989701,0.0
Cn1c(NCCCN2CCC(Oc3ccc(Cl)c(Cl)c3)CC2)cc(=O)n(C)c1=O,-4.8783755,1,-4.8783755,-4.8783755,,-4.8783755,-4.8783755,0.0
Cn1cnc(S(=O)(=O)N(CCN(Cc2cncn2C)c2ccc(C#N)cc2)CC2CCCCC2)c1,-5.8219547,1,-5.8219547,-5.8219547,,-5.8219547,-5.8219547,0.0
Cn1cnc(S(=O)(=O)N(CCN(Cc2cncn2C)c2ccc(C#N)cc2)Cc2ccccc2)c1,-5.9593034,1,-5.9593034,-5.9593034,,-5.9593034,-5.9593034,0.0
Cn1cncc1CN(CCN(Cc1ccccc1)S(=O)(=O)c1ccccn1)c1ccc(C#N)cc1,-5.5514212,1,-5.5514212,-5.5514212,,-5.5514212,-5.5514212,0.0
Cn1cncc1CN1CC(N(CCn2cccc2)S(=O)(=O)c2ccccn2)Cc2cc(C#N)ccc21,-4.9099998,1,-4.9099998,-4.9099998,,-4.9099998,-4.9099998,0.0
Cn1cncc1CN1CC(N(Cc2cccc(-n3cccc3)c2)S(=O)(=O)c2ccccn2)Cc2cc(C#N)ccc21,-5.6391363,1,-5.6391363,-5.6391363,,-5.6391363,-5.6391363,0.0
Cn1cncc1CN1CC(N(Cc2ccccn2)S(=O)(=O)c2ccccn2)Cc2cc(C#N)ccc21,-5.7979398,1,-5.7979398,-5.7979398,,-5.7979398,-5.7979398,0.0
Cn1nnnc1-c1cccc(NC(=O)N[C@@H]2CCCC[C@H]2CN2CCC[C@@H](Cc3ccc(F)cc3)C2)c1,-5.6989698,1,-5.6989698,-5.6989698,,-5.6989698,-5.6989698,0.0
FC(F)(F)c1ccc(N2CCNCC2)nc1Cl,-4.5999999,1,-4.5999999,-4.5999999,,-4.5999999,-4.5999999,0.0
FC(F)(F)c1cccc(C2=CCN(CCc3ccc4ccccc4c3)CC2)c1,-4.73,1,-4.73,-4.73,,-4.73,-4.73,0.0
Fc1cccc2c1O[C@H]1CNC[C@@H]1O2,-4.0999999,1,-4.0999999,-4.0999999,,-4.0999999,-4.0999999,0.0
Fc1cccc2c1O[C@H]1CNC[C@H]1O2,-3.729485,1,-3.729485,-3.729485,,-3.729485,-3.729485,0.0
Fc1ccncc1,-3.8897052,1,-3.8897052,-3.8897052,,-3.8897052,-3.8897052,0.0
N#Cc1ccc(NCC(F)(F)c2ccc(F)c(F)c2)c(F)c1CC(=O)NCCONC(=N)N,-5.9430285,1,-5.9430285,-5.9430285,,-5.9430285,-5.9430285,0.0
N#Cc1ccc(NCC(F)(F)c2cccc(F)c2)c(F)c1CC(=O)NCCONC(=N)N,-5.7414021,1,-5.7414021,-5.7414021,,-5.7414021,-5.7414021,0.0
N#Cc1ccc(NCC(F)(F)c2ccccc2)c(F)c1CC(=O)NCCONC(=N)N,-5.6479244,1,-5.6479244,-5.6479244,,-5.6479244,-5.6479244,0.0
N#Cc1cccc(Cc2ncccn2)c1,-4.1758742,1,-4.1758742,-4.1758742,,-4.1758742,-4.1758742,0.0
N#Cc1cccc(Cn2cccn2)c1,-4.141635450000001,2,-4.141635450000001,-4.141635450000001,0.0023130169919396877,-4.143271,-4.1399999,0.0032711000000000823
N#Cc1cccc(Cn2ccnc2)c1,-4.169385200000001,2,-4.169385200000001,-4.169385200000001,0.0008695999195028651,-4.1700001,-4.1687703,0.0012297999999999476
N#Cc1cccc(Cn2cnc3ccccc32)c1,-4.18088695,2,-4.18088695,-4.18088695,0.0012546195618590604,-4.1817741,-4.1799998,0.0017743000000001174
N/C(=N/O)c1ccc2[nH]c(-c3ccccn3)nc2c1,-4.6500001,1,-4.6500001,-4.6500001,,-4.6500001,-4.6500001,0.0
N=C(N)NC(=O)c1nc(Cl)c(N)nc1N,-6.251812,1,-6.251812,-6.251812,,-6.251812,-6.251812,0.0
N=C(N)NCCC[C@@H](NC(=O)[C@@H](N)Cc1ccc(O)cc1)C(=O)N[C@@H](Cc1ccccc1)C(=O)N[C@@H](Cc1ccccc1)C(N)=O,-7.7600002,1,-7.7600002,-7.7600002,,-7.7600002,-7.7600002,0.0
N=C(N)c1ccc(-c2ccc(-c3ccc(C(=N)N)cc3)o2)cc1,-6.4201083,1,-6.4201083,-6.4201083,,-6.4201083,-6.4201083,0.0
N=C(N)c1ccc2[nH]c(-c3ccccn3)nc2c1,-6.4699998,1,-6.4699998,-6.4699998,,-6.4699998,-6.4699998,0.0
N=C(N)c1ccc2[nH]c(Cc3nc4ccccc4[nH]3)nc2c1,-6.6999998,1,-6.6999998,-6.6999998,,-6.6999998,-6.6999998,0.0
N=C(N)c1ccc2nc(-c3ccccn3)[nH]c2c1,-6.4579659,1,-6.4579659,-6.4579659,,-6.4579659,-6.4579659,0.0
N=C(N)c1cccc(-n2nc(C(F)(F)F)cc2C(=O)Nc2ncc(-c3ccccc3S(N)(=O)=O)cn2)c1,-7.0,1,-7.0,-7.0,,-7.0,-7.0,0.0
N=C(N)c1cccc(CC(CC(=O)N2CCC(C(=O)O)CC2)NS(=O)(=O)c2ccc3ccccc3c2)c1,-7.3390937,1,-7.3390937,-7.3390937,,-7.3390937,-7.3390937,0.0
N=C(N)c1cccc(CC(CC(=O)N2CCCC(C(=O)O)C2)NS(=O)(=O)c2ccc3ccccc3c2)c1,-7.3820248,1,-7.3820248,-7.3820248,,-7.3820248,-7.3820248,0.0
N=C(N)c1cccc(CC(CC(=O)N2CCCCC2C(=O)O)NS(=O)(=O)c2ccc3ccccc3c2)c1,-7.3814998,1,-7.3814998,-7.3814998,,-7.3814998,-7.3814998,0.0
N=C(N)c1cccc(CC(CC(=O)N2CCNCC2)NS(=O)(=O)c2ccc3ccccc3c2)c1,-7.0312262,1,-7.0312262,-7.0312262,,-7.0312262,-7.0312262,0.0
N=C(NO)c1cccc(CC(CC(=O)N2CCC(C(=O)O)CC2)NS(=O)(=O)c2ccc3ccccc3c2)c1,-7.3677616,1,-7.3677616,-7.3677616,,-7.3677616,-7.3677616,0.0
N=c1nc(N2CCCCC2)cc(N)n1O,-4.9978392,2,-4.9978392,-4.9978392,0.0030558326655760453,-5.0,-4.9956784,0.0043215999999999255
NC(=O)/C=C(\c1cccc(F)c1)c1ccc2nc(N)n(S(=O)(=O)NC(=O)N3CCOCC3)c2c1,-4.7399998,1,-4.7399998,-4.7399998,,-4.7399998,-4.7399998,0.0
NC(=O)C(N)Cc1c[nH]c2ccccc12,-4.9200001,1,-4.9200001,-4.9200001,,-4.9200001,-4.9200001,0.0
NC(=O)CC[C@H](N)C(=O)O,-6.0702906,1,-6.0702906,-6.0702906,,-6.0702906,-6.0702906,0.0
NC(=O)Cc1cc(/N=N/c2ccc(S(=O)(=O)Nc3ccccn3)cc2)ccc1O,-5.7088718,1,-5.7088718,-5.7088718,,-5.7088718,-5.7088718,0.0
NC(=O)N1C(=O)C(C(=O)c2cccs2)c2cc(Cl)ccc21,-4.5700002,1,-4.5700002,-4.5700002,,-4.5700002,-4.5700002,0.0
NC(=O)[C@H](Cc1ccccc1)NC(=O)[C@H](Cc1ccccc1)NC(=O)[C@H](CCCN=C(N)N)NC(=O)[C@@H](N)Cc1ccc(O)cc1,-7.4317985,1,-7.4317985,-7.4317985,,-7.4317985,-7.4317985,0.0
NC(=O)[C@H]1CCCN1C(=O)[C@@H](Cc1c[nH]cn1)NC(=O)[C@H]1CCC(=O)N1,-6.8313413,1,-6.8313413,-6.8313413,,-6.8313413,-6.8313413,0.0
NC(=O)c1c(F)ccc(OCc2nc3cc(Cl)cnc3s2)c1F,-4.3099999,1,-4.3099999,-4.3099999,,-4.3099999,-4.3099999,0.0
NC(=O)c1cccc(Cc2ncccn2)c1,-4.4609237,1,-4.4609237,-4.4609237,,-4.4609237,-4.4609237,0.0
NC(=O)c1cccc(Cn2ccnc2)c1,-5.16215465,2,-5.16215465,-5.16215465,0.003047418094879879,-5.1643095,-5.1599998,0.004309700000000305
NC(=O)c1cccc(Cn2cnc3ccccc32)c1,-4.600163,2,-4.600163,-4.600163,0.00023065823202301163,-4.6003261,-4.5999999,0.0003261999999999432
NC(=O)c1ccncc1,-4.2782722,1,-4.2782722,-4.2782722,,-4.2782722,-4.2782722,0.0
NC(=O)n1c(O)c(C(=O)c2cccs2)c2cc(Cl)ccc21,-4.3103647,1,-4.3103647,-4.3103647,,-4.3103647,-4.3103647,0.0
NC(=S)NC[C@H]1CN(c2ccc(C3CCS(=O)(=O)CC3)c(F)c2)C(=O)O1,-5.8880281,1,-5.8880281,-5.8880281,,-5.8880281,-5.8880281,0.0
NC(CC(=O)O)C(=O)OC[C@@H]1O[C@H](n2cc(F)c(=O)[nH]c2=O)C[C@H]1O,-6.4899998,1,-6.4899998,-6.4899998,,-6.4899998,-6.4899998,0.0
NC(CCC(=O)O)C(=O)O,-6.0700002,1,-6.0700002,-6.0700002,,-6.0700002,-6.0700002,0.0
NC(Cc1c[nH]c2ccccc12)C(=O)O,-5.3899999,1,-5.3899999,-5.3899999,,-5.3899999,-5.3899999,0.0
NC(Cc1ccccc1)C(=O)OC[C@@H]1O[C@H](n2cc(F)c(=O)[nH]c2=O)C[C@H]1O,-5.3891382,1,-5.3891382,-5.3891382,,-5.3891382,-5.3891382,0.0
NC(N)=N/N=C/c1c(Cl)cccc1Cl,-4.52170585,2,-4.52170585,-4.52170585,0.2238614509316086,-4.6799998,-4.3634119,0.31658790000000003
NC(N)=NC(=O)c1nc(Cl)c(N)nc1N,-5.6300001,3,-5.694745066666667,-5.6300001,0.1722631503631095,-5.8899999,-5.5642352,0.3257647000000006
NC(N)=NCC1COc2ccccc2O1,-4.8197937,2,-4.8197937,-4.8197937,0.0002920351006300418,-4.8200002,-4.8195872,0.0004129999999999967
NC(N)=NN=Cc1c(Cl)cccc1Cl,-4.3299999,1,-4.3299999,-4.3299999,,-4.3299999,-4.3299999,0.0
NC(N)=Nc1nc(CSCC/C(N)=N\S(N)(=O)=O)cs1,-5.9488473,1,-5.9488473,-5.9488473,,-5.9488473,-5.9488473,0.0
NC(N)=Nc1nc(CSCCC(N)=NS(N)(=O)=O)cs1,-6.0700002,1,-6.0700002,-6.0700002,,-6.0700002,-6.0700002,0.0
NC1CONC1=O,-5.4400001,1,-5.4400001,-5.4400001,,-5.4400001,-5.4400001,0.0
NC1[C@H]2CN(c3nc4c(cc3F)c(=O)c(C(=O)O)cn4-c3ccc(F)cc3F)C[C@@H]12,-4.66499995,2,-4.66499995,-4.66499995,0.20506089583342144,-4.8099999,-4.52,0.28999990000000064
NCC(=O)CCC(=O)O,-5.3400002,1,-5.3400002,-5.3400002,,-5.3400002,-5.3400002,0.0
NCC(=O)N1CCC[C@H]1C(=O)O,-5.2123351,1,-5.2123351,-5.2123351,,-5.2123351,-5.2123351,0.0
NCCCCN,-4.5179658,1,-4.5179658,-4.5179658,,-4.5179658,-4.5179658,0.0
NCCCC[C@H](N[C@@H](CCc1ccccc1)C(=O)O)C(=O)N1CCC[C@@H]1C(=O)O,-6.6599998,1,-6.6599998,-6.6599998,,-6.6599998,-6.6599998,0.0
NCCCC[C@H](N[C@@H](CCc1ccccc1)C(=O)O)C(=O)N1CCC[C@H]1C(=O)O,-7.3899999,1,-7.3899999,-7.3899999,,-7.3899999,-7.3899999,0.0
NCCc1c[nH]c2ccc(O)cc12,-4.8600001,1,-4.8600001,-4.8600001,,-4.8600001,-4.8600001,0.0
NCCc1ccc(O)c(O)c1,-4.95000005,2,-4.95000005,-4.95000005,0.11313729712188203,-5.0300002,-4.8699999,0.1600003000000001
NCc1cccc(-n2nc(C(F)(F)F)cc2C(=O)Nc2ccc(-c3ccccc3S(N)(=O)=O)cc2F)c1,-6.0,1,-6.0,-6.0,,-6.0,-6.0,0.0
NCc1cccc(Cc2ncccn2)c1,-4.5968795,1,-4.5968795,-4.5968795,,-4.5968795,-4.5968795,0.0
NCc1cccc(Cn2cccn2)c1,-4.54834105,2,-4.54834105,-4.54834105,0.0023463924320113964,-4.5500002,-4.5466819,0.0033183000000001073
NCc1cccc(Cn2cnc3ccccc32)c1,-4.5595455000000005,2,-4.5595455000000005,-4.5595455000000005,0.0006426186427422862,-4.5599999,-4.5590911,0.000908800000000376
NNc1nncc2ccccc12,-5.1700001,1,-5.1700001,-5.1700001,,-5.1700001,-5.1700001,0.0
NS(=O)(=O)N1CCN(C2CN(CC[C@]3(c4ccc(Cl)c(Cl)c4)CCC(=O)N(CC4CC4)C3)C2)CC1,-5.8969545,1,-5.8969545,-5.8969545,,-5.8969545,-5.8969545,0.0
NS(=O)(=O)c1cc2c(cc1C(F)(F)F)NC(Cc1ccccc1)NS2(=O)=O,-5.8899999,1,-5.8899999,-5.8899999,,-5.8899999,-5.8899999,0.0
NS(=O)(=O)c1ccc(C2=C(c3ccccc3)C(=O)OC2)cc1,-4.6199999,1,-4.6199999,-4.6199999,,-4.6199999,-4.6199999,0.0
NS(=O)(=O)c1ccc(Cl)cc1,-4.2620125,1,-4.2620125,-4.2620125,,-4.2620125,-4.2620125,0.0
NS(=O)(=O)c1ccc(Cn2cnc3ccccc32)cc1,-4.63039205,2,-4.63039205,-4.63039205,0.0005543010057721767,-4.630784,-4.6300001,0.0007839000000000595
N[C@@H](C(=O)N[C@@H]1C(=O)N2C(C(=O)O)=C(Cl)CC[C@H]12)c1ccccc1.O,-7.3400002,1,-7.3400002,-7.3400002,,-7.3400002,-7.3400002,0.0
N[C@@H](Cc1ccc(O)c(O)c1)C(=O)O,-5.93597745,2,-5.93597745,-5.93597745,0.16125251946907707,-6.0500002,-5.8219547,0.22804550000000035
N[C@@H](Cc1ccccc1)C(=O)O,-4.83948565,2,-4.83948565,-4.83948565,0.2270015707255023,-5.0,-4.6789713,0.3210287000000003
N[C@@H](Cc1ccccc1)C(=O)OC[C@H]1O[C@@H](n2ccc(O)nc2=O)[C@@H](O)[C@@H]1O,-5.6999998,1,-5.6999998,-5.6999998,,-5.6999998,-5.6999998,0.0
Nc1c(CC(=O)O)cccc1C(=O)c1ccccc1,-4.52,1,-4.52,-4.52,,-4.52,-4.52,0.0
Nc1c(CC(=O)[O-])cccc1C(=O)c1ccccc1.O.[Na+],-4.52,1,-4.52,-4.52,,-4.52,-4.52,0.0
Nc1cc(-c2ccncc2)c[nH]c1=O,-4.7544875,1,-4.7544875,-4.7544875,,-4.7544875,-4.7544875,0.0
Nc1ccc(S(=O)(=O)Nc2ccccn2)cc1,-4.6700001,3,-4.7791872,-4.6700001,0.19123338143579957,-5.0,-4.6675615,0.3324385000000003
Nc1ccc(S(=O)(=O)Nc2ncccn2)cc1,-4.75,1,-4.75,-4.75,,-4.75,-4.75,0.0
Nc1ccc(S(=O)(=O)O)cc1,-5.4299998,1,-5.4299998,-5.4299998,,-5.4299998,-5.4299998,0.0
Nc1ccc(S(N)(=O)=O)cc1,-5.2600002,2,-5.2600002,-5.2600002,0.0,-5.2600002,-5.2600002,0.0
Nc1cccc(Cn2cnc3ccccc32)c1,-4.24054385,2,-4.24054385,-4.24054385,0.000769402888609422,-4.2410879,-4.2399998,0.0010881000000004803
Nc1cccnc1,-4.5380535,1,-4.5380535,-4.5380535,,-4.5380535,-4.5380535,0.0
Nc1ccn([C@@H]2CS[C@H](CO)O2)c(=O)n1,-5.4200001,1,-5.4200001,-5.4200001,,-5.4200001,-5.4200001,0.0
Nc1ccncc1,-4.0202255,1,-4.0202255,-4.0202255,,-4.0202255,-4.0202255,0.0
Nc1nc(/C(=C\CC(=O)O)C(=O)NC2C(=O)N3C(C(=O)O)=CCSC23)cs1,-6.0604806,1,-6.0604806,-6.0604806,,-6.0604806,-6.0604806,0.0
Nc1nc(=O)c2c([nH]1)NCC(CNc1ccc(C(=O)NC(CCC(=O)O)C(=O)O)cc1)N2C=O,-7.5214391,1,-7.5214391,-7.5214391,,-7.5214391,-7.5214391,0.0
Nc1nc(=O)c2ncn(COC(CO)CO)c2[nH]1,-6.3699999,1,-6.3699999,-6.3699999,,-6.3699999,-6.3699999,0.0
Nc1nc(=O)c2ncn(COCCO)c2[nH]1,-5.9899998,1,-5.9899998,-5.9899998,,-5.9899998,-5.9899998,0.0
Nc1nc(=O)c2ncn([C@@H]3C[C@H](CO)[C@H]3CO)c2[nH]1,-6.0555172,1,-6.0555172,-6.0555172,,-6.0555172,-6.0555172,0.0
Nc1nc(O)c2ncn([C@@H]3C[C@H](CO)[C@H]3CO)c2n1,-6.0555172,1,-6.0555172,-6.0555172,,-6.0555172,-6.0555172,0.0
Nc1nc2c(ncn2C2[C@@H](CO)C[C@@H]2CO)c(=O)[nH]1,-6.0599999,1,-6.0599999,-6.0599999,,-6.0599999,-6.0599999,0.0
Nc1nc2c(ncn2COC(CO)CO)c(=O)[nH]1,-6.1012278,1,-6.1012278,-6.1012278,,-6.1012278,-6.1012278,0.0
Nc1nnc(-c2cccc(Cl)c2Cl)c(N)n1,-4.3899999,1,-4.3899999,-4.3899999,,-4.3899999,-4.3899999,0.0
O=C(/C=C/c1ccc(O)c(O)c1)OC(Cc1ccc(O)c(O)c1)C(=O)O,-6.49037455,2,-6.49037455,-6.49037455,0.2964548715658506,-6.6999998,-6.2807493,0.4192504999999995
O=C(/C=C/c1ccc(O)c(O)c1/C=C/c1ccc(O)c(O)c1)OC(Cc1ccc(O)c(O)c1)C(=O)O,-7.2277412,1,-7.2277412,-7.2277412,,-7.2277412,-7.2277412,0.0
O=C(/C=C/c1ccc(O)c2c1C(C(=O)O)C(c1ccc(O)c(O)c1)O2)OC(Cc1ccc(O)c(O)c1)C(=O)O,-7.0891552,1,-7.0891552,-7.0891552,,-7.0891552,-7.0891552,0.0
O=C(/C=C/c1ccc(O)cc1)c1ccc(O)cc1O,-4.8378239,1,-4.8378239,-4.8378239,,-4.8378239,-4.8378239,0.0
O=C(/C=C/c1ccc2c(c1)nc(CCc1ccccc1)n2CCN1CCCC1)NO,-5.5207167,1,-5.5207167,-5.5207167,,-5.5207167,-5.5207167,0.0
O=C(CCCCCCC(=O)Nc1ccccc1)NO,-5.6294661,1,-5.6294661,-5.6294661,,-5.6294661,-5.6294661,0.0
O=C(CCCN1CCC(=C(c2ccc(F)cc2)c2ccc(F)cc2)CC1)N1CCCC1,-5.0599999,1,-5.0599999,-5.0599999,,-5.0599999,-5.0599999,0.0
O=C(CCCN1CCC(O)(c2ccc(Cl)cc2)CC1)c1ccc(F)cc1,-4.71,1,-4.71,-4.71,,-4.71,-4.71,0.0
O=C(CCc1ccc(O)cc1)c1ccc(O)cc1O,-4.7399821499999995,2,-4.7399821499999995,-4.7399821499999995,2.4960869375229062e-05,-4.7399998,-4.7399645,3.5299999999516274e-05
O=C(CO)N1CCN(c2ccc(N3C[C@H](CNC(=S)C4CC4)OC3=O)cc2F)CC1,-4.4308991,1,-4.4308991,-4.4308991,,-4.4308991,-4.4308991,0.0
O=C(COc1ccc(C(=O)CN2CCN(C3CCN(C(=O)OC/C=C4/OC(=O)c5ccccc54)CC3)CC2=O)cc1)OC1CCCCC1,-4.4000001,1,-4.4000001,-4.4000001,,-4.4000001,-4.4000001,0.0
O=C(CS)NCCCCCC(=O)Nc1cccc2cccnc12,-4.8496218,1,-4.8496218,-4.8496218,,-4.8496218,-4.8496218,0.0
O=C(NC(Cc1c[nH]c2ccccc12)C(=O)O)OCc1ccccc1,-5.8000002,1,-5.8000002,-5.8000002,,-5.8000002,-5.8000002,0.0
O=C(NC1(C(=O)N[C@@H](Cc2ccccc2)C(=O)NCCCN2CCOCC2)CCCC1)c1cc2ccccc2s1,-5.0478787,1,-5.0478787,-5.0478787,,-5.0478787,-5.0478787,0.0
O=C(NC1(C(=O)N[C@H](Cc2ccccc2)C(=O)NC2CCN(CC3CCOCC3)CC2)CCCC1)c1cc2ccccc2s1,-5.0700002,1,-5.0700002,-5.0700002,,-5.0700002,-5.0700002,0.0
O=C(NC1(C(=O)N[C@H](Cc2ccccc2)C(=O)NCC2CCN(C3CCOCC3)CC2)CCCC1)c1cc2ccccc2s1,-5.7979398,1,-5.7979398,-5.7979398,,-5.7979398,-5.7979398,0.0
O=C(NC1(C(=O)N[C@H](Cc2ccccc2)C(=O)NCC2CCN(CC3CCOCC3)CC2)CCCC1)c1cc2ccc(C(F)(F)F)cc2s1,-5.1919103,1,-5.1919103,-5.1919103,,-5.1919103,-5.1919103,0.0
O=C(NC1(C(=O)N[C@H](Cc2ccccc2)C(=O)NCCC(=O)N2CCN(C3CCOCC3)CC2)CCCC1)c1cc2ccccc2s1,-5.8880281,1,-5.8880281,-5.8880281,,-5.8880281,-5.8880281,0.0
O=C(NC1(C(=O)N[C@H](Cc2ccccc2)C(=O)NCCC(=O)N2CCN(CC3CCOCC3)CC2)CCCC1)c1cc2ccccc2s1,-5.5693183,1,-5.5693183,-5.5693183,,-5.5693183,-5.5693183,0.0
O=C(NC1(C(=O)N[C@H](Cc2ccccc2)C(=O)NCCC2CCN(CC3CCOCC3)CC2)CCCC1)c1cc2ccccc2s1,-5.4094677,1,-5.4094677,-5.4094677,,-5.4094677,-5.4094677,0.0
O=C(NC1(C(=O)N[C@H](Cc2ccccc2)C(=O)NCCCC(=O)N2CCC(N3CCOCC3)CC2)CCCC1)c1cc2ccccc2s1,-5.7697759,1,-5.7697759,-5.7697759,,-5.7697759,-5.7697759,0.0
O=C(NC1(C(=O)N[C@H](Cc2ccccc2)C(=O)NCCCN2CCC(O)CC2)CCCC1)c1cc2ccccc2s1,-5.8519359,1,-5.8519359,-5.8519359,,-5.8519359,-5.8519359,0.0
O=C(NC1(C(=O)N[C@H](Cc2ccccc2)C(=O)NCCCN2CCOCC2)CCCC1)c1cc2ccccc2o1,-5.2209244,1,-5.2209244,-5.2209244,,-5.2209244,-5.2209244,0.0
O=C(NC1(C(=O)N[C@H](Cc2ccccc2)C(=O)NCCCN2CCOCC2)CCCC1)c1ccc(-c2ccccc2)cc1,-4.7399998,1,-4.7399998,-4.7399998,,-4.7399998,-4.7399998,0.0
O=C(NC1(C(=O)N[C@H](Cc2ccccc2)C(=O)NCCCN2CCOCC2)CCCC1)c1ccc(-c2ccccc2)s1,-4.9309068,1,-4.9309068,-4.9309068,,-4.9309068,-4.9309068,0.0
O=C(NCC1CCCCN1)c1cc(OCC(F)(F)F)ccc1OCC(F)(F)F,-4.418400800000001,2,-4.418400800000001,-4.418400800000001,0.002261751750303092,-4.4200001,-4.4168015,0.0031986000000001624
O=C(N[C@@H]1CCOC[C@@H]1C(=O)NO)c1ccc(Cc2c(C(F)(F)F)nn3ccccc23)cc1,-5.7447276,1,-5.7447276,-5.7447276,,-5.7447276,-5.7447276,0.0
O=C(Nc1ccc(C(F)(F)F)c(Cl)c1)c1ccnn1CCc1ccncc1,-5.3400002,1,-5.3400002,-5.3400002,,-5.3400002,-5.3400002,0.0
O=C(Nc1ccc(Cl)cc1)c1ccnn1CCc1ccncc1,-5.1590075,1,-5.1590075,-5.1590075,,-5.1590075,-5.1590075,0.0
O=C(Nc1ccc(OC(F)(F)Cl)cc1)c1ccnn1CCc1ccncc1,-5.3275695,1,-5.3275695,-5.3275695,,-5.3275695,-5.3275695,0.0
O=C(Nc1ccc(OC(F)(F)F)cc1)c1ccnn1CCc1ccncc1,-5.1515226,1,-5.1515226,-5.1515226,,-5.1515226,-5.1515226,0.0
O=C(Nc1cccc(Br)c1)c1nscc1NCc1ccncc1,-5.2606096,1,-5.2606096,-5.2606096,,-5.2606096,-5.2606096,0.0
O=C(Nc1cccc(C(F)(F)F)c1)c1ccccc1NCc1ccncc1,-5.158072,1,-5.158072,-5.158072,,-5.158072,-5.158072,0.0
O=C(Nc1cccc(C(F)(F)F)c1)c1nscc1NCc1ccnc2ccccc12,-5.5700002,1,-5.5700002,-5.5700002,,-5.5700002,-5.5700002,0.0
O=C(Nc1cccc(C(F)(F)F)c1)c1nscc1NCc1ccncc1,-5.158072,1,-5.158072,-5.158072,,-5.158072,-5.158072,0.0
O=C(Nc1cccc(OC(F)(F)F)c1)c1nscc1NCc1ccncc1,-5.1003633,1,-5.1003633,-5.1003633,,-5.1003633,-5.1003633,0.0
O=C(O)C(O)Cc1ccc(O)c(O)c1,-5.9118199,1,-5.9118199,-5.9118199,,-5.9118199,-5.9118199,0.0
O=C(O)C1=C/C(=N\Nc2ccc(S(=O)(=O)Nc3ccccn3)cc2)C=CC1=O,-6.5171175,1,-6.5171175,-6.5171175,,-6.5171175,-6.5171175,0.0
O=C(O)CC(C1CCN(C(=O)CCCc2ccc3c(n2)NCCC3)CC1)C1CNc2ccccc2C1,-5.2199998,1,-5.2199998,-5.2199998,,-5.2199998,-5.2199998,0.0
O=C(O)CC(CC1CCN(C(=O)CCc2ccc3c(n2)NCCC3)CC1)C1CNc2ccccc2C1,-5.5999999,1,-5.5999999,-5.5999999,,-5.5999999,-5.5999999,0.0
O=C(O)CC(CC1CCN(C(=O)CCc2ccc3c(n2)NCCC3)CC1)c1cnc2ccccc2c1,-5.8899999,1,-5.8899999,-5.8899999,,-5.8899999,-5.8899999,0.0
O=C(O)CCc1nc(-c2ccccc2)c(-c2ccccc2)o1,-4.48,1,-4.48,-4.48,,-4.48,-4.48,0.0
O=C(O)COC(=O)Cc1ccccc1Nc1c(Cl)cccc1Cl,-4.4099998,1,-4.4099998,-4.4099998,,-4.4099998,-4.4099998,0.0
O=C(O)COCCN1CCN(C(c2ccccc2)c2ccc(Cl)cc2)CC1,-5.5,1,-5.5,-5.5,,-5.5,-5.5,0.0
O=C(O)COc1ccc(C(=O)CN2CCN(C3CCNCC3)CC2=O)cc1,-6.1199999,1,-6.1199999,-6.1199999,,-6.1199999,-6.1199999,0.0
O=C(O)C[C@@H](c1cnc2ccccc2c1)N1CC[C@@H](CCCc2ccc3c(n2)NCCC3)C1=O,-5.6900001,1,-5.6900001,-5.6900001,,-5.6900001,-5.6900001,0.0
O=C(O)C[C@H](NC(=O)[C@@H]1CCCN(C(=O)CCC2CCNCC2)C1)c1cccnc1,-6.21,1,-6.21,-6.21,,-6.21,-6.21,0.0
O=C(O)Cc1c(/C=C/C(=O)OC(Cc2ccc(O)c(O)c2)C(=O)O)ccc(O)c1O,-7.1795707,1,-7.1795707,-7.1795707,,-7.1795707,-7.1795707,0.0
O=C(O)Cc1ccc(Cn2cccn2)cc1,-5.53955105,2,-5.53955105,-5.53955105,0.000634911178827406,-5.54,-5.5391021,0.000897900000000007
O=C(O)Cc1ccccc1Nc1c(Cl)cccc1Cl,-4.460681,1,-4.460681,-4.460681,,-4.460681,-4.460681,0.0
O=C(O)[C@H]1O[C@@H](Oc2cc3oc(-c4ccccc4)cc(=O)c3c(O)c2O)[C@H](O)[C@@H](O)[C@@H]1O,-6.769887949999999,2,-6.769887949999999,-6.769887949999999,0.00015846262966331994,-6.77,-6.7697759,0.00022409999999961627
O=C(O)c1cc(-c2ccc(F)cc2F)ccc1O,-4.73759105,2,-4.73759105,-4.73759105,0.0034064869183659786,-4.7399998,-4.7351823,0.004817499999999697
O=C(O)c1cc(/N=N/c2ccc(S(=O)(=O)Nc3ccccn3)cc2)ccc1O,-5.378171,1,-5.378171,-5.378171,,-5.378171,-5.378171,0.0
O=C(O)c1cc(Cl)ccc1O,-4.98,1,-4.98,-4.98,,-4.98,-4.98,0.0
O=C(O)c1ccc(Cc2ncccn2)cc1,-5.269205599999999,2,-5.269205599999999,-5.269205599999999,0.0011234512539491483,-5.27,-5.2684112,0.0015887999999995017
O=C(O)c1ccc(Cn2cccn2)cc1,-5.4382596,2,-5.4382596,-5.4382596,0.0024614387053099487,-5.4400001,-5.4365191,0.0034809999999998453
O=C(O)c1ccc(Cn2cnc3ccccc32)cc1,-5.49810455,2,-5.49810455,-5.49810455,0.0026805710968002693,-5.5,-5.4962091,0.0037909000000002635
O=C(O)c1cccc(Cc2ncccn2)c1,-5.2123351,2,-5.2123351,-5.2123351,0.003302330089497149,-5.2146702,-5.21,0.004670199999999625
O=C(O)c1cccc(Cn2cccn2)c1,-5.5315664,2,-5.5315664,-5.5315664,0.0022149412813888447,-5.5331326,-5.5300002,0.003132400000000146
O=C(O)c1ccccc1,-4.0050001,1,-4.0050001,-4.0050001,,-4.0050001,-4.0050001,0.0
O=C(O)c1ccccc1-c1c2ccc(=O)cc-2oc2cc(O)ccc12,-4.77,1,-4.77,-4.77,,-4.77,-4.77,0.0
O=C(O)c1ccccc1O,-4.779427800000001,2,-4.779427800000001,-4.779427800000001,0.05737803833802562,-4.8200002,-4.7388554,0.08114479999999968
O=C(O)c1ccncc1,-5.1900001,1,-5.1900001,-5.1900001,,-5.1900001,-5.1900001,0.0
O=C(O)c1cn(C2CC2)c2cc(N3CCNCC3)c(F)cc2c1=O,-5.3629701,2,-5.3629701,-5.3629701,0.06651003957433757,-5.4099998,-5.3159404,0.0940593999999999
O=C(O[C@H]1Cc2c(O)cc(O)cc2O[C@H]1c1ccc(O)c(O)c1)c1cc(O)c(O)c(O)c1,-6.9294324,2,-6.9294324,-6.9294324,0.12647623015286288,-7.0188646,-6.8400002,0.17886439999999926
O=C(c1ccc(F)cc1)C1CCN(CCn2c(=O)[nH]c3ccccc3c2=O)CC1,-4.4400001,1,-4.4400001,-4.4400001,,-4.4400001,-4.4400001,0.0
O=C(c1ccc(OCCN2CCCCC2)cc1)c1c(-c2ccc(O)cc2)sc2cc(O)ccc12,-5.7227535,1,-5.7227535,-5.7227535,,-5.7227535,-5.7227535,0.0
O=C(c1ccccc1)c1ccc2n1CCC2C(=O)O,-5.36826565,2,-5.36826565,-5.36826565,0.0024525998705454514,-5.3699999,-5.3665314,0.0034684999999994304
O=C1CC(c2ccc(O)c(O)c2)Oc2cc(O)cc(O)c21,-5.2800002,1,-5.2800002,-5.2800002,,-5.2800002,-5.2800002,0.0
O=C1CC(c2ccc(O)cc2)Oc2cc(O)ccc21,-4.8000002,1,-4.8000002,-4.8000002,,-4.8000002,-4.8000002,0.0
O=C1CCC(N2C(=O)c3ccccc3C2=O)C(=O)N1,-4.6999998,1,-4.6999998,-4.6999998,,-4.6999998,-4.6999998,0.0
O=C1CCCN1CCCCN1CCN(c2cc(C(F)(F)F)ccn2)CC1,-4.7399998,1,-4.7399998,-4.7399998,,-4.7399998,-4.7399998,0.0
O=C1CN=C(c2ccccc2)c2cc(Cl)ccc2N1,-3.9382965500000005,2,-3.9382965500000005,-3.9382965500000005,0.11233416523981073,-4.0177288,-3.8588643,0.1588645000000004
O=C1CN=C(c2ccccn2)c2cc(Br)ccc2N1,-4.4000001,1,-4.4000001,-4.4000001,,-4.4000001,-4.4000001,0.0
O=C1C[C@@H](c2ccc(C[C@H](NS(=O)(=O)c3ccccc3)c3nc4ccccc4[nH]3)cc2F)S(=O)([O-])=N1,-6.5214391,1,-6.5214391,-6.5214391,,-6.5214391,-6.5214391,0.0
O=C1C[C@@H](c2ccc(O)c(O)c2)Oc2cc(O)cc(O)c21,-5.2800002,1,-5.2800002,-5.2800002,,-5.2800002,-5.2800002,0.0
O=C1C[C@@H](c2ccc(O)cc2)Oc2cc(O)cc(O)c21,-4.6550002,1,-4.6550002,-4.6550002,,-4.6550002,-4.6550002,0.0
O=C1C[C@@H](c2ccc(O[C@@H]3O[C@H](CO)[C@@H](O)[C@H](O)[C@H]3O)cc2)Oc2cc(O)ccc21,-6.5887568000000005,2,-6.5887568000000005,-6.5887568000000005,0.0017584331434554994,-6.5900002,-6.5875134,0.0024868000000006774
O=C1C[C@@H]2OCC=C3CN4CC[C@]56c7ccccc7N1[C@H]5[C@H]2[C@H]3C[C@H]46,-4.5086198,1,-4.5086198,-4.5086198,,-4.5086198,-4.5086198,0.0
O=C1C[C@H]2OCC=C3CN4C[C@H](O)C56c7ccccc7N1[C@@H]5[C@H]2[C@H]3CC46,-4.600163,1,-4.600163,-4.600163,,-4.600163,-4.600163,0.0
O=C1Cc2cc(CCN3CCN(c4nsc5ccccc45)CC3)c(Cl)cc2N1,-5.07002355,2,-5.07002355,-5.07002355,0.2262408652503017,-5.23,-4.9100471,0.31995290000000054
O=C1N(c2ccccc2)c2ccccc2C1(Cc1ccncc1)Cc1ccncc1,-4.6199999,3,-4.643333299999999,-4.6199999,0.11676187591277372,-4.77,-4.54,0.22999999999999954
O=C1NC(=O)C(c2ccccc2)(c2ccccc2)C(=O)N1,-4.46,1,-4.46,-4.46,,-4.46,-4.46,0.0
O=C1NC(=O)C(c2ccccc2)(c2ccccc2)N1,-4.52969695,2,-4.52969695,-4.52969695,0.00042886026278960874,-4.5300002,-4.5293937,0.0006064999999999543
O=C1NCC2(CCCNC2)c2[nH]c(-c3ccnc(-c4cc5ccccc5o4)n3)cc21,-5.8200002,1,-5.8200002,-5.8200002,,-5.8200002,-5.8200002,0.0
O=C1NCC2(CCCNC2)c2[nH]c(-c3ccnc(-c4ccc5c(c4)OCO5)n3)cc21,-5.4699998,1,-5.4699998,-5.4699998,,-5.4699998,-5.4699998,0.0
O=C1Nc2ccc(Cl)cc2C(c2ccccc2)=NC1O,-3.98461365,2,-3.98461365,-3.98461365,0.07968350961852153,-4.0409584,-3.9282689,0.11268950000000011
O=C1Nc2ccc(Cl)cc2[C@@](C#CC2CC2)(C(F)(F)F)O1,-4.0500002,1,-4.0500002,-4.0500002,,-4.0500002,-4.0500002,0.0
O=C1OCCN1/N=C/c1ccc(N(O)O)o1,-4.9899998,1,-4.9899998,-4.9899998,,-4.9899998,-4.9899998,0.0
O=C1c2c(O)cc(O)cc2OC(c2ccc(O)c(O)c2)C1O,-6.5093193,1,-6.5093193,-6.5093193,,-6.5093193,-6.5093193,0.0
O=C1c2ccccc2-n2c1nc1ccccc1c2=O,-4.1999998,1,-4.1999998,-4.1999998,,-4.1999998,-4.1999998,0.0
O=Cc1ccncc1,-4.1805573,1,-4.1805573,-4.1805573,,-4.1805573,-4.1805573,0.0
O=c1[nH]c(=O)n([C@@H]2O[C@H](CO)[C@@H](O)[C@@H]2O)cc1/C=C/Br,-5.3899999,1,-5.3899999,-5.3899999,,-5.3899999,-5.3899999,0.0
O=c1[nH]c(=O)n([C@H]2O[C@@H](CO)[C@H](O)[C@H]2O)cc1/C=C/Br,-5.3989701,1,-5.3989701,-5.3989701,,-5.3989701,-5.3989701,0.0
O=c1[nH]c2cc(Cl)ccc2o1,-4.1900001,1,-4.1900001,-4.1900001,,-4.1900001,-4.1900001,0.0
O=c1[nH]c2ccccc2n1CCCN1CCC(n2c(=O)[nH]c3cc(Cl)ccc32)CC1,-5.4151082,2,-5.4151082,-5.4151082,0.007224368562026894,-5.4202166,-5.4099998,0.010216800000000248
O=c1c(-c2ccc(O)cc2)coc2c(C3O[C@H](CO)[C@@H](O)[C@H](O)[C@H]3O)c(O)ccc12,-6.3989701,1,-6.3989701,-6.3989701,,-6.3989701,-6.3989701,0.0
O=c1c(-c2ccc(O)cc2)coc2c([C@@H]3O[C@H](CO)[C@@H](O)[C@H](O)[C@H]3O)c(O)ccc12,-6.4000001,1,-6.4000001,-6.4000001,,-6.4000001,-6.4000001,0.0
O=c1c(-c2ccc(O)cc2)coc2cc(O)cc(O)c12,-4.610000149999999,2,-4.610000149999999,-4.610000149999999,0.05656847178424522,-4.6500001,-4.5700002,0.07999989999999979
O=c1c(-c2ccc(O)cc2)coc2cc(O)ccc12,-4.679444999999999,2,-4.679444999999999,-4.679444999999999,0.0007846056844045457,-4.6799998,-4.6788902,0.001109600000000377
O=c1c(-c2ccc(O)cc2)coc2cc(OC3OC(CO)C(O)C(O)C3O)ccc12,-6.3600001,1,-6.3600001,-6.3600001,,-6.3600001,-6.3600001,0.0
O=c1c(O)c(-c2cc(O)c(O)c(O)c2)oc2cc(O)cc(O)c12,-5.77,2,-5.77,-5.77,0.0,-5.77,-5.77,0.0
O=c1c(O)c(-c2ccc(O)c(O)c2)oc2cc(O)c(O)c(O)c12,-6.6999998,2,-6.6999998,-6.6999998,0.0,-6.6999998,-6.6999998,0.0
O=c1c(O)c(-c2ccc(O)c(O)c2)oc2cc(O)cc(O)c12,-5.71249985,2,-5.71249985,-5.71249985,0.5692208881444926,-6.1149998,-5.3099999,0.8049998999999994
O=c1c(O)c(-c2ccc(O)cc2)oc2cc(O)cc(O)c12,-4.9899998,1,-4.9899998,-4.9899998,,-4.9899998,-4.9899998,0.0
O=c1c(O)c(-c2ccc(O)cc2O)oc2cc(O)cc(O)c12,-6.20940205,2,-6.20940205,-6.20940205,0.0008456289996206191,-6.21,-6.2088041,0.0011958999999999165
O=c1c(O)c(-c2ccccc2)oc2cc(O)cc(O)c12,-5.110595699999999,2,-5.110595699999999,-5.110595699999999,0.000842305597749771,-5.1111913,-5.1100001,0.0011912000000000589
O=c1c(OC2C(O)OC(CO)C(O)C2O)c(-c2ccc(O)c(O)c2)oc2cc(O)cc(O)c12,-6.1700001,1,-6.1700001,-6.1700001,,-6.1700001,-6.1700001,0.0
O=c1c(OC2O[C@H](CO)[C@@H](O)[C@H](O)[C@H]2O)c(-c2ccc(OC3O[C@H](CO)[C@@H](O)[C@H](O)[C@H]3O)c(O)c2)oc2cc(O)cc(O)c12,-7.0478787,1,-7.0478787,-7.0478787,,-7.0478787,-7.0478787,0.0
O=c1c(O[C@@H]2O[C@H](CO)[C@@H](O)[C@H](O)[C@H]2O)c(-c2ccc(O)c(O)c2)oc2cc(O)cc(O)c12,-6.27,1,-6.27,-6.27,,-6.27,-6.27,0.0
O=c1c2ccccc2nc2n1CCc1c-2[nH]c2ccccc12,-5.0582528,1,-5.0582528,-5.0582528,,-5.0582528,-5.0582528,0.0
O=c1cc(-c2ccc(O)c(O)c2)oc2cc(O)cc(O)c12,-5.0500002,2,-5.0500002,-5.0500002,0.0,-5.0500002,-5.0500002,0.0
O=c1cc(-c2ccc(O)c(O)c2)oc2cc(O[C@@H]3O[C@H](CO)[C@@H](O)[C@H](O)[C@H]3O)cc(O)c12,-6.36913275,2,-6.36913275,-6.36913275,0.0012263352906114132,-6.3699999,-6.3682656,0.0017342999999998554
O=c1cc(-c2ccc(O)cc2)oc2cc(O)c(O)c(O)c12,-5.2199998,2,-5.2199998,-5.2199998,0.028284271247461613,-5.2399998,-5.1999998,0.040000000000000036
O=c1cc(-c2ccc(O)cc2)oc2cc(O)c([C@@H]3O[C@H](CO)[C@@H](O)[C@H](O)[C@H]3O)c(O)c12,-6.2003298,1,-6.2003298,-6.2003298,,-6.2003298,-6.2003298,0.0
O=c1cc(-c2ccc(O)cc2)oc2cc(O)cc(O)c12,-4.9821801,1,-4.9821801,-4.9821801,,-4.9821801,-4.9821801,0.0
O=c1cc(-c2ccc(O)cc2)oc2cc(O)ccc12,-5.2123351,1,-5.2123351,-5.2123351,,-5.2123351,-5.2123351,0.0
O=c1cc(-c2ccc(O)cc2)oc2cc(O[C@@H]3O[C@H](CO)[C@@H](O)[C@H](O)[C@H]3O[C@@H]3OC[C@](O)(CO)[C@H]3O)cc(O)c12,-7.1199999,1,-7.1199999,-7.1199999,,-7.1199999,-7.1199999,0.0
O=c1cc(-c2ccc(O)cc2)oc2cc([O-])c(C3OC(CO)C(O)C(O)C3O)c(O)c12,-6.1999998,1,-6.1999998,-6.1999998,,-6.1999998,-6.1999998,0.0
O=c1cc(-c2ccccc2)oc2cc(O)c(O)c(O)c12,-5.139318,2,-5.139318,-5.139318,0.0009643522281822319,-5.1399999,-5.1386361,0.001363800000000026
O=c1cc(-c2ccccc2)oc2cc(O)cc(O)c12,-5.0105972,1,-5.0105972,-5.0105972,,-5.0105972,-5.0105972,0.0
O=c1cc(-c2ccccc2)oc2ccccc12,-3.9201083,1,-3.9201083,-3.9201083,,-3.9201083,-3.9201083,0.0
O=c1ccc2ccc(O)cc2o1,-4.5710139,1,-4.5710139,-4.5710139,,-4.5710139,-4.5710139,0.0
O=c1ccc2ccccc2o1,-4.1425066,2,-4.1425066,-4.1425066,0.15201862414559617,-4.25,-4.0350132,0.21498680000000014
O=c1n(CCCN2CCN(c3cccc(Cl)c3)CC2)nc2ccccn12,-4.6199999,1,-4.6199999,-4.6199999,,-4.6199999,-4.6199999,0.0
O=c1nc(O)ccn1[C@@H]1O[C@H](CO)[C@@H](O)[C@@H]1O,-6.0999999,1,-6.0999999,-6.0999999,,-6.0999999,-6.0999999,0.0
OC(Cn1cncn1)(Cn1cncn1)c1ccc(F)cc1F,-4.60624715,2,-4.60624715,-4.60624715,0.07601772664349393,-4.6599998,-4.5524945,0.10750529999999969
OCC(O)CO,-4.8299999,1,-4.8299999,-4.8299999,,-4.8299999,-4.8299999,0.0
OCCN1CCN(CC/C=C2/c3ccccc3Sc3ccc(C(F)(F)F)cc32)CC1,-4.8899999,1,-4.8899999,-4.8899999,,-4.8899999,-4.8899999,0.0
OC[C@@H]1CC[C@H](n2cnc3c(O)ncnc32)O1,-5.6708102,1,-5.6708102,-5.6708102,,-5.6708102,-5.6708102,0.0
OC[C@@H]1O[C@@](O)(CO)[C@H](O)[C@H]1O[C@@H]1O[C@H](CO)[C@H](O)[C@H](O)[C@H]1O,-6.5364394,1,-6.5364394,-6.5364394,,-6.5364394,-6.5364394,0.0
OC[C@H]1OC(OC[C@H]2OC(O[C@]3(CO)O[C@H](CO)[C@@H](O)[C@@H]3O)[C@H](O)[C@@H](O)[C@@H]2O)[C@H](O)[C@@H](O)[C@H]1O,-7.309804,1,-7.309804,-7.309804,,-7.309804,-7.309804,0.0
OC[C@H]1O[C@@H](O[C@@H]2[C@@H](CO)O[C@](O)(CO)[C@H]2O)[C@H](O)[C@@H](O)[C@H]1O,-6.6778786,2,-6.6778786,-6.6778786,0.18684773433836485,-6.8099999,-6.5457573,0.2642426000000002
OC[C@H]1O[C@@](CO)(O[C@H]2O[C@H](CO)[C@@H](O)[C@H](O)[C@H]2O)[C@@H](O)[C@@H]1O,-5.9186072,1,-5.9186072,-5.9186072,,-5.9186072,-5.9186072,0.0
OC[C@H]1O[C@H](OC[C@H]2O[C@H](O[C@]3(CO)O[C@H](CO)[C@@H](O)[C@@H]3O)[C@H](O)[C@@H](O)[C@@H]2O)[C@H](O)[C@@H](O)[C@H]1O,-7.6199999,1,-7.6199999,-7.6199999,,-7.6199999,-7.6199999,0.0
OCc1ccncc1,-4.0902224,1,-4.0902224,-4.0902224,,-4.0902224,-4.0902224,0.0
ON(O)NC1=NCCN1Cc1ccc(Cl)nc1,-4.6677732,1,-4.6677732,-4.6677732,,-4.6677732,-4.6677732,0.0
ON1C=CC=C(c2cc3nccc(-c4ccc(OC(F)F)c(OCC5CC5)c4)n3n2)C1,-4.71,1,-4.71,-4.71,,-4.71,-4.71,0.0
Oc1cc(O)c2c(c1)OC(c1ccc(O)c(O)c1)C(O)C2,-6.2199998,1,-6.2199998,-6.2199998,,-6.2199998,-6.2199998,0.0
Oc1cc(O)c2c(c1)O[C@H](c1cc(O)c(O)c(O)c1)[C@H](O)C2,-6.8284068,1,-6.8284068,-6.8284068,,-6.8284068,-6.8284068,0.0
Oc1cc(O)c2c(c1)O[C@H](c1ccc(O)c(O)c1)[C@H](O)C2,-6.4311924,1,-6.4311924,-6.4311924,,-6.4311924,-6.4311924,0.0
Oc1ccc(-c2cnc(-c3cccc(O)c3)o2)cc1,-5.1011863,1,-5.1011863,-5.1011863,,-5.1011863,-5.1011863,0.0
Oc1cccc2ccccc12,-4.4899998,1,-4.4899998,-4.4899998,,-4.4899998,-4.4899998,0.0
Oc1ccncc1,-4.1089525,1,-4.1089525,-4.1089525,,-4.1089525,-4.1089525,0.0
[Cl-].c1c2c(cc3c1OCO3)-c1cc3ccc4c(c3c[n+]1CC2)OCO4,-4.9574246,1,-4.9574246,-4.9574246,,-4.9574246,-4.9574246,0.0
c1ccc(-c2cccnc2)cc1,-3.8880284,1,-3.8880284,-3.8880284,,-3.8880284,-3.8880284,0.0
c1ccc(-c2ccncc2)cc1,-4.0680037,1,-4.0680037,-4.0680037,,-4.0680037,-4.0680037,0.0
c1ccc(C2(N3CCCCC3)CCCCC2)cc1,-4.48,1,-4.48,-4.48,,-4.48,-4.48,0.0
c1ccc(Cc2ccncc2)cc1,-3.9978395,1,-3.9978395,-3.9978395,,-3.9978395,-3.9978395,0.0
c1ccc(Cn2ccnc2)cc1,-4.1684265499999995,2,-4.1684265499999995,-4.1684265499999995,0.0022253357510728607,-4.1700001,-4.166853,0.0031471000000005134
c1ccc(Cn2cnc3ccccc32)cc1,-4.14906525,2,-4.14906525,-4.14906525,0.001322077548783763,-4.1500001,-4.1481304,0.001869699999999419
c1ccc(Cn2nnnc2C(c2ccc(Cn3cncn3)cc2)N2CCCN(C3CCC3)CC2)cc1,-6.3000002,1,-6.3000002,-6.3000002,,-6.3000002,-6.3000002,0.0
c1ccc2c(NCCCCCCCNc3c4c(nc5ccccc35)CCCC4)c3c(nc2c1)CCCC3,-5.4412465,1,-5.4412465,-5.4412465,,-5.4412465,-5.4412465,0.0
c1ccncc1,-3.9703081,1,-3.9703081,-3.9703081,,-3.9703081,-3.9703081,0.0
c1csc([C@]23CNC[C@H]2C3)c1,-4.7544875,1,-4.7544875,-4.7544875,,-4.7544875,-4.7544875,0.0
